timestamp,open,high,low,close,volume
2025-12-14 12:00:00,0.01656,0.01675,0.01648,0.01658,36571239.0
2025-12-14 16:00:00,0.01658,0.01673,0.01633,0.01639,26021227.0
2025-12-14 20:00:00,0.01639,0.01652,0.01611,0.01629,39598079.0
2025-12-15 00:00:00,0.01628,0.01683,0.01623,0.01661,39112930.0
2025-12-15 04:00:00,0.01662,0.01687,0.01657,0.01663,25184644.0
2025-12-15 08:00:00,0.01663,0.01773,0.01659,0.0173,121525416.0
2025-12-15 12:00:00,0.01732,0.01732,0.01604,0.01627,134010439.0
2025-12-15 16:00:00,0.01627,0.01642,0.01564,0.01613,91287689.0
2025-12-15 20:00:00,0.01612,0.01776,0.01595,0.01707,185584882.0
2025-12-16 00:00:00,0.01706,0.01708,0.0166,0.0168,72185797.0
2025-12-16 04:00:00,0.0168,0.01682,0.01635,0.01646,47755706.0
2025-12-16 08:00:00,0.01646,0.01671,0.01624,0.01652,42050491.0
2025-12-16 12:00:00,0.01653,0.0166,0.01612,0.01656,62942800.0
2025-12-16 16:00:00,0.01654,0.0166,0.01609,0.01625,46806254.0
2025-12-16 20:00:00,0.01624,0.01634,0.01616,0.01622,19610574.0
2025-12-17 00:00:00,0.01622,0.01631,0.016,0.01606,20742141.0
2025-12-17 04:00:00,0.01605,0.01621,0.01587,0.01611,26766139.0
2025-12-17 08:00:00,0.01611,0.01639,0.01599,0.01638,26625740.0
2025-12-17 12:00:00,0.01639,0.01683,0.01609,0.01619,62362769.0
2025-12-17 16:00:00,0.01618,0.01633,0.01536,0.01564,77860140.0
2025-12-17 20:00:00,0.01565,0.01578,0.01552,0.01572,19251348.0
2025-12-18 00:00:00,0.01572,0.01579,0.01537,0.01541,17073757.0
2025-12-18 04:00:00,0.0154,0.01583,0.01523,0.01578,28635898.0
2025-12-18 08:00:00,0.01578,0.01624,0.01569,0.01597,64354010.0
2025-12-18 12:00:00,0.01598,0.01616,0.01573,0.01595,41665323.0
2025-12-18 16:00:00,0.01596,0.01599,0.01454,0.01462,87316750.0
2025-12-18 20:00:00,0.01462,0.01517,0.01459,0.01495,30324426.0
2025-12-19 00:00:00,0.01496,0.01545,0.01471,0.01523,31972783.0
2025-12-19 04:00:00,0.01523,0.01558,0.01521,0.01537,21612294.0
2025-12-19 08:00:00,0.01537,0.01545,0.01523,0.01534,14430221.0
2025-12-19 12:00:00,0.01534,0.01563,0.01524,0.01542,31160858.0
2025-12-19 16:00:00,0.01543,0.01578,0.01527,0.01574,30741224.0
2025-12-19 20:00:00,0.01574,0.01588,0.01565,0.01567,19298604.0
2025-12-20 00:00:00,0.01567,0.01568,0.01547,0.01553,11821103.0
2025-12-20 04:00:00,0.01552,0.01573,0.01538,0.01571,17559471.0
2025-12-20 08:00:00,0.0157,0.01594,0.01557,0.01589,25522757.0
2025-12-20 12:00:00,0.01588,0.01598,0.0157,0.01579,32159295.0
2025-12-20 16:00:00,0.01579,0.01595,0.0157,0.01572,17652433.0
2025-12-20 20:00:00,0.01572,0.0159,0.01568,0.01578,12296893.0
2025-12-21 00:00:00,0.01578,0.01587,0.01546,0.01559,18640609.0
2025-12-21 04:00:00,0.0156,0.01573,0.01554,0.01569,9716398.0
2025-12-21 08:00:00,0.01569,0.01577,0.01545,0.01549,16149748.0
2025-12-21 12:00:00,0.01549,0.01556,0.01491,0.0151,38352727.0
2025-12-21 16:00:00,0.01511,0.01525,0.01495,0.01508,29379499.0
2025-12-21 20:00:00,0.01508,0.01529,0.0149,0.01514,21900349.0
2025-12-22 00:00:00,0.01515,0.01547,0.01494,0.01527,30559948.0
2025-12-22 04:00:00,0.01527,0.01544,0.0152,0.01543,16928697.0
2025-12-22 08:00:00,0.01543,0.01553,0.01534,0.01547,21056636.0
2025-12-22 12:00:00,0.01547,0.01556,0.01524,0.01548,31363548.0
2025-12-22 16:00:00,0.01547,0.01557,0.01512,0.01516,30646191.0
2025-12-22 20:00:00,0.01515,0.01551,0.01506,0.01532,43764545.0
2025-12-23 00:00:00,0.01532,0.01537,0.01505,0.01515,18510922.0
2025-12-23 04:00:00,0.01514,0.01518,0.01489,0.01499,27191858.0
2025-12-23 08:00:00,0.01499,0.01519,0.01494,0.01514,14136067.0
2025-12-23 12:00:00,0.01514,0.01514,0.01466,0.01491,40087168.0
2025-12-23 16:00:00,0.0149,0.01587,0.01486,0.01566,96051885.0
2025-12-23 20:00:00,0.01565,0.01566,0.01533,0.01544,40679486.0
2025-12-24 00:00:00,0.01544,0.01552,0.01503,0.01521,19992031.0
2025-12-24 04:00:00,0.01522,0.01534,0.01495,0.01517,23984408.0
2025-12-24 08:00:00,0.01518,0.01531,0.01499,0.01513,25913609.0
2025-12-24 12:00:00,0.01512,0.0152,0.01487,0.01515,29429935.0
2025-12-24 16:00:00,0.01515,0.01529,0.01501,0.01527,17668561.0
2025-12-24 20:00:00,0.01528,0.01545,0.01527,0.0154,15978802.0
2025-12-25 00:00:00,0.0154,0.01554,0.01528,0.01552,16703239.0
2025-12-25 04:00:00,0.01552,0.0157,0.01542,0.0157,17492544.0
2025-12-25 08:00:00,0.0157,0.01574,0.0153,0.01531,33723850.0
2025-12-25 12:00:00,0.01531,0.01548,0.01521,0.01542,28132665.0
2025-12-25 16:00:00,0.01543,0.01565,0.01538,0.01565,19375673.0
2025-12-25 20:00:00,0.01564,0.01566,0.01502,0.01505,26661563.0
2025-12-26 00:00:00,0.01505,0.01556,0.01498,0.01545,27257683.0
2025-12-26 04:00:00,0.01546,0.01558,0.01533,0.01536,12197065.0
2025-12-26 08:00:00,0.01536,0.01554,0.01535,0.01553,11392844.0
2025-12-26 12:00:00,0.01552,0.01562,0.01525,0.01539,29582902.0
2025-12-26 16:00:00,0.01539,0.01556,0.01521,0.0155,17353404.0
2025-12-26 20:00:00,0.0155,0.01561,0.01537,0.01549,11111849.0
2025-12-27 00:00:00,0.01549,0.01571,0.01549,0.01566,14472566.0
2025-12-27 04:00:00,0.01567,0.01568,0.01546,0.01556,11290839.0
2025-12-27 08:00:00,0.01556,0.01565,0.01528,0.01563,18775087.0
2025-12-27 12:00:00,0.01563,0.01576,0.01546,0.01568,20087022.0
2025-12-27 16:00:00,0.0157,0.01584,0.0156,0.01579,16665406.0
2025-12-27 20:00:00,0.0158,0.01632,0.01577,0.01619,41530294.0
2025-12-28 00:00:00,0.0162,0.01635,0.016,0.01618,21076757.0
2025-12-28 04:00:00,0.01618,0.01623,0.01606,0.01619,15352410.0
2025-12-28 08:00:00,0.01618,0.01631,0.01597,0.01603,12853677.0
2025-12-28 12:00:00,0.01604,0.01607,0.01583,0.01587,15181510.0
2025-12-28 16:00:00,0.01588,0.01598,0.01553,0.01559,21805475.0
2025-12-28 20:00:00,0.01558,0.01585,0.0155,0.01582,9940879.0
2025-12-29 00:00:00,0.01582,0.01614,0.01575,0.01611,25009698.0
2025-12-29 04:00:00,0.01612,0.01616,0.01582,0.01597,15851447.0
2025-12-29 08:00:00,0.01598,0.01598,0.01557,0.01567,22084054.0
2025-12-29 12:00:00,0.01567,0.01575,0.01541,0.01566,24418420.0
2025-12-29 16:00:00,0.01565,0.01584,0.01556,0.01572,15455289.0
2025-12-29 20:00:00,0.01571,0.01586,0.01557,0.01568,12544833.0
2025-12-30 00:00:00,0.01567,0.01632,0.01565,0.01589,75927044.0
2025-12-30 04:00:00,0.01589,0.01597,0.01557,0.01578,20371563.0
2025-12-30 08:00:00,0.01577,0.01603,0.01568,0.0159,33217502.0
2025-12-30 12:00:00,0.01591,0.01596,0.01562,0.01582,22417810.0
2025-12-30 16:00:00,0.01583,0.01596,0.01573,0.0159,16477097.0
2025-12-30 20:00:00,0.0159,0.0159,0.01562,0.01572,9907359.0
2025-12-31 00:00:00,0.01572,0.01576,0.01548,0.0157,19112605.0
2025-12-31 04:00:00,0.0157,0.01584,0.01564,0.01571,11794807.0
2025-12-31 08:00:00,0.01571,0.01583,0.0156,0.01579,13375466.0
2025-12-31 12:00:00,0.0158,0.01607,0.01567,0.01581,30167634.0
2025-12-31 16:00:00,0.01581,0.0159,0.01511,0.01565,75285829.0
2025-12-31 20:00:00,0.01565,0.01604,0.01558,0.0159,26344794.0
2026-01-01 00:00:00,0.01591,0.01633,0.01586,0.01628,40095131.0
2026-01-01 04:00:00,0.01629,0.01656,0.01614,0.01635,42589627.0
2026-01-01 08:00:00,0.01633,0.01738,0.01608,0.01689,235584332.0
2026-01-01 12:00:00,0.01691,0.01737,0.01678,0.01708,143397410.0
2026-01-01 16:00:00,0.01708,0.01738,0.01691,0.01715,47892072.0
2026-01-01 20:00:00,0.01714,0.01726,0.01698,0.01707,24792904.0
2026-01-02 00:00:00,0.01707,0.01715,0.01681,0.01712,24180669.0
2026-01-02 04:00:00,0.01711,0.01734,0.01701,0.01715,32913756.0
2026-01-02 08:00:00,0.01715,0.01746,0.01701,0.01732,41787931.0
2026-01-02 12:00:00,0.01732,0.0178,0.01708,0.01746,74960948.0
2026-01-02 16:00:00,0.01748,0.01768,0.01722,0.01749,42816934.0
2026-01-02 20:00:00,0.01749,0.01768,0.01738,0.01761,22622947.0
2026-01-03 00:00:00,0.01761,0.01784,0.0175,0.01778,15823120.0
2026-01-03 04:00:00,0.01778,0.01783,0.01689,0.01704,40971418.0
2026-01-03 08:00:00,0.01704,0.01721,0.01695,0.01716,24305997.0
2026-01-03 12:00:00,0.01715,0.01758,0.01709,0.01731,40121777.0
2026-01-03 16:00:00,0.01731,0.01758,0.01731,0.0175,21355110.0
2026-01-03 20:00:00,0.0175,0.01776,0.01734,0.01771,28792488.0
2026-01-04 00:00:00,0.01772,0.01782,0.01759,0.01775,26294941.0
2026-01-04 04:00:00,0.01774,0.01782,0.01746,0.01761,27022349.0
2026-01-04 08:00:00,0.0176,0.01795,0.01746,0.0178,32110811.0
2026-01-04 12:00:00,0.01781,0.01844,0.01773,0.0184,51486346.0
2026-01-04 16:00:00,0.0184,0.01855,0.01778,0.01796,69317296.0
2026-01-04 20:00:00,0.01795,0.01806,0.01779,0.01789,20971188.0
2026-01-05 00:00:00,0.01788,0.01802,0.01757,0.01777,44591898.0
2026-01-05 04:00:00,0.01776,0.01778,0.01711,0.01749,46751880.0
2026-01-05 08:00:00,0.01748,0.01751,0.017,0.01723,38298390.0
2026-01-05 12:00:00,0.01723,0.01778,0.01706,0.01758,48413240.0
2026-01-05 16:00:00,0.01759,0.01798,0.01735,0.01788,33155826.0
2026-01-05 20:00:00,0.01787,0.01815,0.01776,0.01796,32157487.0
2026-01-06 00:00:00,0.01796,0.01805,0.01765,0.01784,18000996.0
2026-01-06 04:00:00,0.01785,0.01798,0.01756,0.01768,19612447.0
2026-01-06 08:00:00,0.01768,0.01797,0.01767,0.01795,25845680.0
2026-01-06 12:00:00,0.01795,0.01836,0.01774,0.01786,58213400.0
2026-01-06 16:00:00,0.01787,0.01793,0.0169,0.01737,81737167.0
2026-01-06 20:00:00,0.01737,0.01795,0.01736,0.01789,31613309.0
2026-01-07 00:00:00,0.01789,0.01796,0.01746,0.01776,24205478.0
2026-01-07 04:00:00,0.01776,0.01829,0.01753,0.01821,50887068.0
2026-01-07 08:00:00,0.01821,0.01826,0.01759,0.01789,76521481.0
2026-01-07 12:00:00,0.01788,0.01794,0.01704,0.01722,58491207.0
2026-01-07 16:00:00,0.01721,0.01765,0.01711,0.0175,31841132.0
2026-01-07 20:00:00,0.0175,0.01753,0.01711,0.01734,16541235.0
2026-01-08 00:00:00,0.01734,0.01771,0.01721,0.01729,27161050.0
2026-01-08 04:00:00,0.01727,0.01777,0.01701,0.01768,47346495.0
2026-01-08 08:00:00,0.01768,0.01798,0.01708,0.01725,65941909.0
2026-01-08 12:00:00,0.01724,0.01739,0.01682,0.01739,42973081.0
2026-01-08 16:00:00,0.01737,0.01743,0.01706,0.01712,28216805.0
2026-01-08 20:00:00,0.01712,0.01737,0.01695,0.01725,20089023.0
2026-01-09 00:00:00,0.01725,0.01741,0.017,0.01734,23311632.0
2026-01-09 04:00:00,0.01735,0.01737,0.01717,0.01718,14737179.0
2026-01-09 08:00:00,0.01718,0.01722,0.01686,0.01698,34367033.0
2026-01-09 12:00:00,0.01699,0.01741,0.01687,0.01716,37818804.0
2026-01-09 16:00:00,0.01717,0.01736,0.0169,0.017,21084757.0
2026-01-09 20:00:00,0.017,0.01727,0.01699,0.01718,13287779.0
2026-01-10 00:00:00,0.01718,0.01721,0.01693,0.01703,10363735.0
2026-01-10 04:00:00,0.01703,0.01705,0.0168,0.01699,20677320.0
2026-01-10 08:00:00,0.017,0.01705,0.01692,0.01703,14117810.0
2026-01-10 12:00:00,0.01704,0.01717,0.01697,0.017,12205012.0
2026-01-10 16:00:00,0.01699,0.01712,0.0169,0.0171,13173530.0
2026-01-10 20:00:00,0.01711,0.01713,0.01662,0.01671,16647349.0
2026-01-11 00:00:00,0.01671,0.01693,0.01667,0.01688,14609721.0
2026-01-11 04:00:00,0.01688,0.01692,0.01678,0.01687,12051329.0
2026-01-11 08:00:00,0.01686,0.01706,0.01682,0.01689,10303938.0
2026-01-11 12:00:00,0.0169,0.01697,0.01668,0.01676,16431149.0
2026-01-11 16:00:00,0.01675,0.01695,0.01668,0.0167,13796095.0
2026-01-11 20:00:00,0.0167,0.0167,0.01619,0.01654,31709575.0
2026-01-12 00:00:00,0.01653,0.01691,0.01626,0.01664,22641957.0
2026-01-12 04:00:00,0.01665,0.01681,0.01642,0.01643,16440051.0
2026-01-12 08:00:00,0.01642,0.0165,0.01622,0.01639,24841579.0
2026-01-12 12:00:00,0.01639,0.01649,0.016,0.01646,40043757.0
2026-01-12 16:00:00,0.01646,0.01674,0.01631,0.01641,21165470.0
2026-01-12 20:00:00,0.01641,0.01647,0.01605,0.01618,15678161.0
2026-01-13 00:00:00,0.01618,0.01631,0.01611,0.01624,12002622.0
2026-01-13 04:00:00,0.01624,0.01653,0.01624,0.01636,13633304.0
2026-01-13 08:00:00,0.01636,0.01662,0.01635,0.01654,13476637.0
2026-01-13 12:00:00,0.01655,0.01694,0.0165,0.01689,32971071.0
2026-01-13 16:00:00,0.0169,0.01736,0.01684,0.0173,40955398.0
2026-01-13 20:00:00,0.01731,0.01771,0.01712,0.01748,41078398.0
2026-01-14 00:00:00,0.01747,0.01777,0.01747,0.01755,15620865.0
2026-01-14 04:00:00,0.01755,0.01757,0.01725,0.01728,19679165.0
2026-01-14 08:00:00,0.01729,0.01758,0.01717,0.01729,23437161.0
2026-01-14 12:00:00,0.01729,0.01752,0.01691,0.01736,44685408.0
2026-01-14 16:00:00,0.01737,0.01752,0.01687,0.01728,30666904.0
2026-01-14 20:00:00,0.01729,0.01735,0.01683,0.01694,15946063.0
2026-01-15 00:00:00,0.01693,0.01713,0.01631,0.01634,40653076.0
2026-01-15 04:00:00,0.01634,0.01682,0.01625,0.01676,22019983.0
2026-01-15 08:00:00,0.01676,0.01686,0.01661,0.01665,14896301.0
2026-01-15 12:00:00,0.01665,0.01694,0.01614,0.01641,28029642.0
2026-01-15 16:00:00,0.01641,0.01648,0.01581,0.016,36067490.0
2026-01-15 20:00:00,0.016,0.0161,0.0158,0.01607,17960711.0
2026-01-16 00:00:00,0.01608,0.01709,0.01591,0.01694,298771764.0
2026-01-16 04:00:00,0.01695,0.01963,0.01651,0.01834,936981962.0
2026-01-16 08:00:00,0.01835,0.01877,0.01778,0.01797,313335170.0
2026-01-16 12:00:00,0.01797,0.01988,0.01783,0.0193,954430204.0
2026-01-16 16:00:00,0.0193,0.02063,0.01909,0.02019,1243793471.0
2026-01-16 20:00:00,0.0202,0.0212,0.01901,0.02096,1096604191.0
2026-01-17 00:00:00,0.02095,0.02269,0.01971,0.01979,2445058457.0
2026-01-17 04:00:00,0.0198,0.01988,0.01882,0.0196,952259282.0
2026-01-17 08:00:00,0.0196,0.01961,0.0189,0.01902,383980195.0
2026-01-17 12:00:00,0.01901,0.01922,0.0185,0.01881,433193230.0
2026-01-17 16:00:00,0.01881,0.01891,0.0184,0.01854,369464015.0
2026-01-17 20:00:00,0.01854,0.01876,0.01754,0.01791,429425417.0
2026-01-18 00:00:00,0.01792,0.01863,0.01785,0.01849,250072308.0
2026-01-18 04:00:00,0.01848,0.01907,0.01805,0.01852,221305901.0
2026-01-18 08:00:00,0.01851,0.01946,0.01826,0.01874,249951351.0
2026-01-18 12:00:00,0.01875,0.01899,0.01828,0.01838,174099540.0
2026-01-18 16:00:00,0.01837,0.01848,0.01815,0.01822,82878306.0
2026-01-18 20:00:00,0.01822,0.01841,0.01733,0.01737,125641183.0
2026-01-19 00:00:00,0.01737,0.01737,0.01445,0.01653,272019625.0
2026-01-19 04:00:00,0.01652,0.01656,0.01616,0.01644,150336948.0
2026-01-19 08:00:00,0.01644,0.01674,0.01634,0.01654,60797577.0
2026-01-19 12:00:00,0.01654,0.01654,0.01619,0.01634,65579703.0
2026-01-19 16:00:00,0.01633,0.01661,0.01629,0.01635,52502355.0
2026-01-19 20:00:00,0.01636,0.01639,0.01615,0.01632,41840972.0
2026-01-20 00:00:00,0.01632,0.01633,0.01607,0.01611,67498769.0
2026-01-20 04:00:00,0.0161,0.01642,0.01605,0.0161,125733746.0
2026-01-20 08:00:00,0.0161,0.01623,0.01597,0.01602,62745498.0
2026-01-20 12:00:00,0.01602,0.01635,0.01582,0.0161,160521088.0
2026-01-20 16:00:00,0.01609,0.01617,0.01551,0.01568,60961329.0
2026-01-20 20:00:00,0.01567,0.01579,0.01528,0.01536,32066952.0
2026-01-21 00:00:00,0.01536,0.01584,0.01536,0.01575,35871904.0
2026-01-21 04:00:00,0.01575,0.01577,0.01553,0.01569,28146242.0
2026-01-21 08:00:00,0.01569,0.01584,0.01543,0.01547,40633899.0
2026-01-21 12:00:00,0.01547,0.01583,0.01528,0.01572,64684105.0
2026-01-21 16:00:00,0.01573,0.01594,0.01508,0.01591,79373378.0
2026-01-21 20:00:00,0.01591,0.0167,0.01545,0.01567,706943457.0
2026-01-22 00:00:00,0.01567,0.01588,0.0156,0.01567,63737393.0
2026-01-22 04:00:00,0.01567,0.01614,0.01561,0.01561,92509450.0
2026-01-22 08:00:00,0.01562,0.01574,0.01545,0.01549,55456386.0
2026-01-22 12:00:00,0.0155,0.01557,0.01506,0.01522,74524943.0
2026-01-22 16:00:00,0.01523,0.01545,0.01522,0.01534,31603973.0
2026-01-22 20:00:00,0.01534,0.01539,0.01515,0.01519,35031124.0
2026-01-23 00:00:00,0.0152,0.0153,0.01518,0.01524,26788269.0
2026-01-23 04:00:00,0.01524,0.01533,0.01507,0.01513,36902948.0
2026-01-23 08:00:00,0.01513,0.01523,0.01493,0.01504,58535463.0
2026-01-23 12:00:00,0.01503,0.01505,0.01468,0.01497,57996425.0
2026-01-23 16:00:00,0.01496,0.01541,0.01482,0.01491,63608216.0
2026-01-23 20:00:00,0.01491,0.01494,0.01466,0.01483,40897858.0
2026-01-24 00:00:00,0.01482,0.01506,0.01478,0.01497,22845432.0
2026-01-24 04:00:00,0.01497,0.01515,0.01491,0.01501,27868425.0
2026-01-24 08:00:00,0.01501,0.01522,0.01496,0.01517,21495506.0
2026-01-24 12:00:00,0.01518,0.01518,0.01488,0.01491,33897532.0
2026-01-24 16:00:00,0.01491,0.01494,0.01479,0.01491,15155826.0
2026-01-24 20:00:00,0.01491,0.01507,0.01489,0.01506,19442188.0
2026-01-25 00:00:00,0.01506,0.01522,0.01501,0.01507,24547301.0
2026-01-25 04:00:00,0.01507,0.01524,0.01491,0.015,31676814.0
2026-01-25 08:00:00,0.01499,0.01512,0.01488,0.01493,19492210.0
2026-01-25 12:00:00,0.01493,0.01493,0.01465,0.01481,29068817.0
2026-01-25 16:00:00,0.0148,0.01481,0.01381,0.01397,79871281.0
2026-01-25 20:00:00,0.01396,0.01423,0.01394,0.0142,33813842.0
2026-01-26 00:00:00,0.01419,0.01447,0.01409,0.01425,29413493.0
2026-01-26 04:00:00,0.01426,0.01445,0.0142,0.01439,21106711.0
2026-01-26 08:00:00,0.01438,0.01458,0.01428,0.01439,25086413.0
2026-01-26 12:00:00,0.0144,0.01478,0.01437,0.01458,26310969.0
2026-01-26 16:00:00,0.01459,0.01472,0.01449,0.01457,20846014.0
2026-01-26 20:00:00,0.01457,0.01479,0.0145,0.01469,26794080.0
2026-01-27 00:00:00,0.01468,0.01475,0.01454,0.01456,20821555.0
2026-01-27 04:00:00,0.01456,0.0146,0.01436,0.01446,22337368.0
2026-01-27 08:00:00,0.01446,0.01451,0.01435,0.01437,13491306.0
2026-01-27 12:00:00,0.01436,0.01446,0.01421,0.01439,34674686.0
2026-01-27 16:00:00,0.0144,0.01459,0.0142,0.01449,24718172.0
2026-01-27 20:00:00,0.01449,0.01465,0.01448,0.01462,25302330.0
2026-01-28 00:00:00,0.01461,0.01462,0.01449,0.01456,17495567.0
2026-01-28 04:00:00,0.01456,0.01457,0.01445,0.01445,16630551.0
2026-01-28 08:00:00,0.01445,0.01456,0.01433,0.01451,25370293.0
2026-01-28 12:00:00,0.0145,0.0145,0.01415,0.01427,31455834.0
2026-01-28 16:00:00,0.01428,0.01442,0.01418,0.01437,23776175.0
2026-01-28 20:00:00,0.01436,0.01455,0.01425,0.01436,38874709.0
2026-01-29 00:00:00,0.01437,0.01442,0.01393,0.01404,44439754.0
2026-01-29 04:00:00,0.01404,0.01421,0.01397,0.01415,14327604.0
2026-01-29 08:00:00,0.01414,0.01417,0.01356,0.0138,49835252.0
2026-01-29 12:00:00,0.0138,0.01391,0.01306,0.01342,64816009.0
2026-01-29 16:00:00,0.01341,0.01372,0.01328,0.01343,44604823.0
2026-01-29 20:00:00,0.01343,0.01362,0.01338,0.01348,21320111.0
2026-01-30 00:00:00,0.01348,0.01363,0.01295,0.01321,55148279.0
2026-01-30 04:00:00,0.0132,0.01338,0.01307,0.01328,20457715.0
2026-01-30 08:00:00,0.01328,0.01341,0.01313,0.01337,21755286.0
2026-01-30 12:00:00,0.01337,0.01339,0.01304,0.0132,38559666.0
2026-01-30 16:00:00,0.01318,0.01345,0.01293,0.01336,50386394.0
2026-01-30 20:00:00,0.01337,0.01337,0.01311,0.01331,25980850.0
2026-01-31 00:00:00,0.0133,0.01332,0.0132,0.01324,11677608.0
2026-01-31 04:00:00,0.01323,0.01331,0.01303,0.01313,15736734.0
2026-01-31 08:00:00,0.01313,0.01316,0.01279,0.01301,31693903.0
2026-01-31 12:00:00,0.01301,0.01328,0.01208,0.01234,177042104.0
2026-01-31 16:00:00,0.01233,0.01247,0.01057,0.01147,181304790.0
2026-01-31 20:00:00,0.01146,0.01195,0.01131,0.01193,43344340.0
2026-02-01 00:00:00,0.01193,0.01221,0.0119,0.01217,26254972.0
2026-02-01 04:00:00,0.01217,0.01241,0.01215,0.01227,29818696.0
2026-02-01 08:00:00,0.01227,0.01237,0.01203,0.01208,26802313.0
2026-02-01 12:00:00,0.01208,0.01219,0.01166,0.01181,30095764.0
2026-02-01 16:00:00,0.01181,0.01211,0.0117,0.01192,29132953.0
2026-02-01 20:00:00,0.01191,0.01197,0.01147,0.0117,33093585.0
2026-02-02 00:00:00,0.0117,0.01203,0.01136,0.01181,47971824.0
2026-02-02 04:00:00,0.0118,0.01191,0.01133,0.0117,46029677.0
2026-02-02 08:00:00,0.0117,0.01188,0.01154,0.01179,32937773.0
2026-02-02 12:00:00,0.01179,0.0122,0.01178,0.01209,34924889.0
2026-02-02 16:00:00,0.01209,0.01213,0.01189,0.01189,19793716.0
2026-02-02 20:00:00,0.01188,0.01252,0.01183,0.01205,156690722.0
2026-02-03 00:00:00,0.01206,0.01206,0.01168,0.01193,39936875.0
2026-02-03 04:00:00,0.01194,0.01204,0.01182,0.01194,24571292.0
2026-02-03 08:00:00,0.01194,0.01201,0.01179,0.01195,32784216.0
2026-02-03 12:00:00,0.01196,0.01217,0.01182,0.01214,51879749.0
2026-02-03 16:00:00,0.01215,0.01215,0.01129,0.0118,79197366.0
2026-02-03 20:00:00,0.01179,0.01222,0.01165,0.01176,64663980.0
2026-02-04 00:00:00,0.01175,0.01203,0.01172,0.01201,21496224.0
2026-02-04 04:00:00,0.01201,0.01205,0.01187,0.01195,19917360.0
2026-02-04 08:00:00,0.01195,0.01196,0.01166,0.01172,41004657.0
2026-02-04 12:00:00,0.01172,0.01177,0.01119,0.01129,46452888.0
2026-02-04 16:00:00,0.01129,0.01173,0.01118,0.01169,56238349.0
2026-02-04 20:00:00,0.01169,0.01173,0.01131,0.01153,28629301.0
2026-02-05 00:00:00,0.01154,0.01168,0.01129,0.01133,23577087.0
2026-02-05 04:00:00,0.01133,0.01143,0.01116,0.01123,24796499.0
2026-02-05 08:00:00,0.01124,0.01148,0.01097,0.01111,37767730.0
2026-02-05 12:00:00,0.01111,0.01133,0.0103,0.01065,98438000.0
2026-02-05 16:00:00,0.01065,0.01084,0.01014,0.01021,90812983.0
2026-02-05 20:00:00,0.01021,0.01029,0.00965,0.00988,120025871.0
2026-02-06 00:00:00,0.00988,0.01026,0.00866,0.01006,191671786.0
2026-02-06 04:00:00,0.01005,0.0104,0.00994,0.01021,33191501.0
2026-02-06 08:00:00,0.01022,0.01043,0.01006,0.01041,37758397.0
2026-02-06 12:00:00,0.01039,0.0109,0.01032,0.01084,43611547.0
2026-02-06 16:00:00,0.01085,0.01118,0.0108,0.011,38236984.0
2026-02-06 20:00:00,0.01099,0.01104,0.01085,0.01093,23761264.0
2026-02-07 00:00:00,0.01093,0.01096,0.01072,0.01088,21240146.0
2026-02-07 04:00:00,0.01088,0.01095,0.01038,0.01049,25275556.0
2026-02-07 08:00:00,0.01049,0.01054,0.0104,0.01047,26813930.0
2026-02-07 12:00:00,0.01046,0.01076,0.01045,0.01059,24247753.0
2026-02-07 16:00:00,0.01059,0.01096,0.01056,0.01073,63134848.0
2026-02-07 20:00:00,0.01073,0.01079,0.01059,0.01069,17401888.0
2026-02-08 00:00:00,0.0107,0.01072,0.01052,0.01053,11360577.0
2026-02-08 04:00:00,0.01053,0.01058,0.01046,0.01049,14313104.0
2026-02-08 08:00:00,0.01049,0.01065,0.0104,0.01055,24262213.0
2026-02-08 12:00:00,0.01055,0.01056,0.01036,0.01038,23428363.0
2026-02-08 16:00:00,0.01038,0.01045,0.0102,0.01042,20973797.0
2026-02-08 20:00:00,0.01042,0.01047,0.01019,0.01027,17376351.0
2026-02-09 00:00:00,0.01028,0.01047,0.01024,0.01041,20925458.0
2026-02-09 04:00:00,0.01041,0.01045,0.01025,0.01026,14955164.0
2026-02-09 08:00:00,0.01027,0.0103,0.0099,0.00999,29505042.0
2026-02-09 12:00:00,0.00998,0.0102,0.00995,0.01017,30324715.0
2026-02-09 16:00:00,0.01017,0.01039,0.01003,0.01033,43515843.0
2026-02-09 20:00:00,0.01033,0.01035,0.01009,0.01015,25847606.0
2026-02-10 00:00:00,0.01015,0.01019,0.00983,0.00994,18796110.0
2026-02-10 04:00:00,0.00993,0.01006,0.00977,0.00988,22490000.0
2026-02-10 08:00:00,0.00987,0.00997,0.00978,0.00979,21715634.0
2026-02-10 12:00:00,0.00979,0.00998,0.00972,0.00993,24838699.0
2026-02-10 16:00:00,0.00993,0.01003,0.00976,0.00987,24487911.0
2026-02-10 20:00:00,0.00986,0.00998,0.00983,0.00996,13811067.0
2026-02-11 00:00:00,0.00997,0.01006,0.00984,0.00992,13590277.0
2026-02-11 04:00:00,0.00992,0.00994,0.00957,0.0096,24186176.0
2026-02-11 08:00:00,0.0096,0.0097,0.00948,0.00964,24909364.0
2026-02-11 12:00:00,0.00964,0.01004,0.00957,0.00968,41272246.0
2026-02-11 16:00:00,0.00968,0.01003,0.00957,0.00982,51292365.0
2026-02-11 20:00:00,0.00982,0.01064,0.00972,0.01014,183520102.0
2026-02-12 00:00:00,0.01014,0.0105,0.01012,0.01038,69090524.0
2026-02-12 04:00:00,0.01039,0.01065,0.01036,0.01052,43444545.0
2026-02-12 08:00:00,0.01052,0.01054,0.01031,0.01033,34951405.0
2026-02-12 12:00:00,0.01033,0.01038,0.01016,0.01022,44282624.0
2026-02-12 16:00:00,0.01022,0.01039,0.01006,0.01027,39267652.0
2026-02-12 20:00:00,0.01026,0.01033,0.01008,0.01029,28001766.0
2026-02-13 00:00:00,0.01028,0.01033,0.0101,0.01011,16371433.0
2026-02-13 04:00:00,0.01012,0.01012,0.00998,0.01011,16994679.0
2026-02-13 08:00:00,0.0101,0.01022,0.01009,0.01018,13653991.0
2026-02-13 12:00:00,0.01017,0.01046,0.0101,0.01036,28414992.0
2026-02-13 16:00:00,0.01036,0.01052,0.01034,0.01047,22546671.0
2026-02-13 20:00:00,0.01048,0.01052,0.01036,0.01042,21884936.0
2026-02-14 00:00:00,0.01041,0.01057,0.01034,0.01051,20216618.0
2026-02-14 04:00:00,0.01051,0.01055,0.01041,0.01042,12814112.0
2026-02-14 08:00:00,0.01041,0.01056,0.01041,0.01056,18341393.0
2026-02-14 12:00:00,0.01056,0.01066,0.01039,0.01064,31696064.0
2026-02-14 16:00:00,0.01064,0.01079,0.01055,0.01076,30331807.0
2026-02-14 20:00:00,0.01075,0.01096,0.01065,0.01079,31694529.0
2026-02-15 00:00:00,0.0108,0.01089,0.01058,0.01078,31726773.0
2026-02-15 04:00:00,0.01078,0.011,0.01075,0.01092,19858927.0
2026-02-15 08:00:00,0.01093,0.01096,0.01065,0.01076,25407315.0
2026-02-15 12:00:00,0.01075,0.01076,0.01035,0.0104,49268522.0
2026-02-15 16:00:00,0.01041,0.01051,0.01026,0.01042,40205914.0
2026-02-15 20:00:00,0.01042,0.01184,0.01037,0.01066,418603989.0
2026-02-16 00:00:00,0.01067,0.01078,0.01052,0.01073,42217679.0
2026-02-16 04:00:00,0.01072,0.01073,0.0105,0.01054,27567754.0
2026-02-16 08:00:00,0.01054,0.01072,0.01051,0.01066,33618384.0
2026-02-16 12:00:00,0.01066,0.01091,0.01048,0.01058,65186592.0
2026-02-16 16:00:00,0.01057,0.0107,0.01056,0.01063,25753670.0
2026-02-16 20:00:00,0.01063,0.01081,0.01053,0.01065,27096427.0
2026-02-17 00:00:00,0.01066,0.01076,0.01061,0.01065,14112468.0
2026-02-17 04:00:00,0.01064,0.01072,0.01056,0.01064,19008313.0
2026-02-17 08:00:00,0.01064,0.0107,0.01049,0.0106,24844866.0
2026-02-17 12:00:00,0.01059,0.01062,0.01032,0.01057,43294542.0
2026-02-17 16:00:00,0.01057,0.01068,0.01043,0.01059,36702362.0
2026-02-17 20:00:00,0.01059,0.01061,0.01051,0.01056,13738818.0
2026-02-18 00:00:00,0.01056,0.01073,0.01043,0.01067,23564641.0
2026-02-18 04:00:00,0.01068,0.01069,0.0106,0.01064,14811033.0
2026-02-18 08:00:00,0.01064,0.01066,0.01039,0.01047,20809432.0
2026-02-18 12:00:00,0.01047,0.01052,0.01017,0.01039,34586450.0
2026-02-18 16:00:00,0.01039,0.01042,0.01005,0.01014,39703853.0
2026-02-18 20:00:00,0.01015,0.01018,0.00993,0.01002,22338803.0
2026-02-19 00:00:00,0.01003,0.01017,0.00999,0.01013,23589403.0
2026-02-19 04:00:00,0.01012,0.01015,0.01003,0.01004,13056188.0
2026-02-19 08:00:00,0.01005,0.01007,0.00988,0.00991,21660779.0
2026-02-19 12:00:00,0.00991,0.00994,0.00968,0.00976,29358387.0
2026-02-19 16:00:00,0.00976,0.0099,0.00968,0.00986,16665404.0
2026-02-19 20:00:00,0.00985,0.00989,0.00979,0.00989,10204399.0
2026-02-20 00:00:00,0.00988,0.01003,0.00984,0.01,24755308.0
2026-02-20 04:00:00,0.00999,0.01005,0.00991,0.01,11481812.0
2026-02-20 08:00:00,0.00999,0.0101,0.00992,0.00995,17930757.0
2026-02-20 12:00:00,0.00994,0.01003,0.00961,0.01,39816627.0
2026-02-20 16:00:00,0.01,0.0101,0.00987,0.00996,30718181.0
2026-02-20 20:00:00,0.00995,0.01006,0.00992,0.01002,12850923.0
2026-02-21 00:00:00,0.01002,0.01027,0.00997,0.01021,44349373.0
2026-02-21 04:00:00,0.0102,0.01029,0.01014,0.01025,36691689.0
2026-02-21 08:00:00,0.01025,0.01033,0.01012,0.01016,29045531.0
2026-02-21 12:00:00,0.01017,0.01023,0.0101,0.01014,19591205.0
2026-02-21 16:00:00,0.01014,0.01014,0.00993,0.00993,23834613.0
2026-02-21 20:00:00,0.00994,0.00997,0.00981,0.00982,15152400.0
2026-02-22 00:00:00,0.00982,0.00991,0.00967,0.00976,23455143.0
2026-02-22 04:00:00,0.00976,0.00983,0.0097,0.00982,9805159.0
2026-02-22 08:00:00,0.00982,0.01002,0.00974,0.00983,23591528.0
2026-02-22 12:00:00,0.00982,0.00983,0.00961,0.0097,15855311.0
2026-02-22 16:00:00,0.0097,0.00976,0.00959,0.0097,21331926.0
2026-02-22 20:00:00,0.00969,0.00974,0.0096,0.00966,16817177.0
2026-02-23 00:00:00,0.00966,0.00967,0.00899,0.00926,75282325.0
2026-02-23 04:00:00,0.00925,0.0095,0.00922,0.00944,20908592.0
2026-02-23 08:00:00,0.00943,0.00945,0.00932,0.00938,22048136.0
2026-02-23 12:00:00,0.00938,0.0095,0.00928,0.00931,18968519.0
2026-02-23 16:00:00,0.0093,0.00936,0.00911,0.00916,24143683.0
2026-02-23 20:00:00,0.00915,0.00928,0.0091,0.00923,15867103.0
2026-02-24 00:00:00,0.00922,0.00937,0.00914,0.0092,16320115.0
2026-02-24 04:00:00,0.0092,0.00924,0.00906,0.00911,17052466.0
2026-02-24 08:00:00,0.0091,0.00918,0.00904,0.00908,16131316.0
2026-02-24 12:00:00,0.00908,0.00924,0.00896,0.00914,18966009.0
2026-02-24 16:00:00,0.00914,0.00921,0.00904,0.00911,19406296.0
2026-02-24 20:00:00,0.00911,0.00925,0.00904,0.00911,24965474.0
2026-02-25 00:00:00,0.00911,0.00945,0.0091,0.00924,21107385.0
2026-02-25 04:00:00,0.00924,0.00935,0.00917,0.00934,13425017.0
2026-02-25 08:00:00,0.00933,0.00948,0.00928,0.00946,13911299.0
2026-02-25 12:00:00,0.00945,0.00977,0.00941,0.00971,27626529.0
2026-02-25 16:00:00,0.00972,0.00988,0.00971,0.00986,28141043.0
2026-02-25 20:00:00,0.00987,0.01002,0.00965,0.00974,36339164.0
2026-02-26 00:00:00,0.00975,0.00982,0.00963,0.00972,21296284.0
2026-02-26 04:00:00,0.00972,0.00979,0.00962,0.00967,12032777.0
2026-02-26 08:00:00,0.00968,0.00979,0.00958,0.00968,22447227.0
2026-02-26 12:00:00,0.00968,0.00978,0.0094,0.00956,53061626.0
2026-02-26 16:00:00,0.00955,0.00959,0.00927,0.00953,26805453.0
2026-02-26 20:00:00,0.00952,0.00956,0.00943,0.00948,11195144.0
2026-02-27 00:00:00,0.00948,0.00953,0.0094,0.00952,17971045.0
2026-02-27 04:00:00,0.00951,0.00965,0.00951,0.00963,10012993.0
2026-02-27 08:00:00,0.00963,0.00967,0.00938,0.00945,25591143.0
2026-02-27 12:00:00,0.00945,0.00959,0.00944,0.0095,36889111.0
2026-02-27 16:00:00,0.00951,0.01042,0.0094,0.00971,276912712.0
2026-02-27 20:00:00,0.0097,0.00973,0.00941,0.0096,59824451.0
2026-02-28 00:00:00,0.0096,0.00974,0.00952,0.00961,34036522.0
2026-02-28 04:00:00,0.00961,0.00963,0.00884,0.00902,100280771.0
2026-02-28 08:00:00,0.009,0.009,0.00875,0.00885,42910105.0
2026-02-28 12:00:00,0.00885,0.00911,0.00881,0.00904,31021147.0
2026-02-28 16:00:00,0.00904,0.00932,0.00894,0.00928,30167248.0
2026-02-28 20:00:00,0.00927,0.00967,0.00925,0.00966,35879869.0
2026-03-01 00:00:00,0.00967,0.00992,0.00941,0.00973,42269677.0
2026-03-01 04:00:00,0.00974,0.00978,0.00958,0.00966,21950518.0
2026-03-01 08:00:00,0.00966,0.00967,0.00944,0.00954,13485823.0
2026-03-01 12:00:00,0.00953,0.00958,0.0093,0.0094,33795938.0
2026-03-01 16:00:00,0.00941,0.00945,0.00912,0.00912,29180404.0
2026-03-01 20:00:00,0.00912,0.00926,0.00899,0.00914,40183740.0
2026-03-02 00:00:00,0.00914,0.00932,0.00911,0.00926,21776587.0
2026-03-02 04:00:00,0.00926,0.00927,0.00906,0.00913,21408623.0
2026-03-02 08:00:00,0.00913,0.00928,0.00905,0.00925,28389583.0
2026-03-02 12:00:00,0.00925,0.00967,0.00917,0.00963,46504813.0
2026-03-02 16:00:00,0.00963,0.00978,0.00948,0.00958,26491572.0
2026-03-02 20:00:00,0.00958,0.00964,0.00939,0.00944,18319427.0
2026-03-03 00:00:00,0.00944,0.00951,0.00932,0.00944,20028355.0
2026-03-03 04:00:00,0.00945,0.00955,0.00941,0.00949,16090007.0
2026-03-03 08:00:00,0.00949,0.0095,0.00919,0.0093,35050772.0
2026-03-03 12:00:00,0.00929,0.00946,0.00917,0.00935,29372755.0
2026-03-03 16:00:00,0.00935,0.00953,0.00929,0.00944,29345809.0
2026-03-03 20:00:00,0.00944,0.0095,0.00929,0.00938,14324563.0
2026-03-04 00:00:00,0.00938,0.00949,0.00933,0.00944,14400653.0
2026-03-04 04:00:00,0.00944,0.00958,0.00936,0.00954,18026298.0
2026-03-04 08:00:00,0.00954,0.00985,0.0095,0.00967,27947827.0
2026-03-04 12:00:00,0.00967,0.00991,0.00954,0.00991,39265452.0
2026-03-04 16:00:00,0.00991,0.00995,0.00975,0.00985,33215524.0
2026-03-04 20:00:00,0.00985,0.00987,0.00963,0.00974,22435340.0
2026-03-05 00:00:00,0.00975,0.00978,0.00966,0.00973,19149395.0
2026-03-05 04:00:00,0.00973,0.0098,0.00963,0.00969,12382808.0
2026-03-05 08:00:00,0.00969,0.00986,0.00965,0.00976,9871817.0
2026-03-05 12:00:00,0.00976,0.00984,0.00966,0.0097,14028570.0
2026-03-05 16:00:00,0.00971,0.00977,0.00945,0.00969,31084475.0
2026-03-05 20:00:00,0.00969,0.00982,0.00963,0.00968,14175011.0
2026-03-06 00:00:00,0.00969,0.0098,0.00965,0.00978,14654418.0
2026-03-06 04:00:00,0.00979,0.00981,0.00958,0.00971,13873843.0
2026-03-06 08:00:00,0.0097,0.0097,0.00949,0.00949,18368535.0
2026-03-06 12:00:00,0.00949,0.00959,0.00923,0.00929,39935193.0
2026-03-06 16:00:00,0.00929,0.00937,0.0092,0.00929,16837917.0
2026-03-06 20:00:00,0.00929,0.0094,0.00928,0.00936,9335972.0
2026-03-07 00:00:00,0.00935,0.00937,0.00929,0.0093,6643854.0
2026-03-07 04:00:00,0.0093,0.00937,0.00905,0.00916,26144890.0
2026-03-07 08:00:00,0.00916,0.0093,0.00915,0.00924,7419370.0
2026-03-07 12:00:00,0.00923,0.00924,0.00905,0.00909,13300259.0
2026-03-07 16:00:00,0.00909,0.00919,0.00905,0.00908,9315043.0
2026-03-07 20:00:00,0.00907,0.00914,0.00902,0.0091,8247815.0
2026-03-08 00:00:00,0.0091,0.00913,0.00898,0.00903,12085595.0
2026-03-08 04:00:00,0.00902,0.00915,0.00897,0.00913,10140661.0
2026-03-08 08:00:00,0.00913,0.00926,0.00909,0.00922,15318390.0
2026-03-08 12:00:00,0.00922,0.00925,0.00911,0.00916,15550368.0
2026-03-08 16:00:00,0.00915,0.00932,0.00909,0.00929,16826297.0
2026-03-08 20:00:00,0.0093,0.00933,0.00905,0.00909,21644661.0
2026-03-09 00:00:00,0.00909,0.00936,0.00908,0.00923,21852435.0
2026-03-09 04:00:00,0.00924,0.00939,0.00921,0.00929,17679882.0
2026-03-09 08:00:00,0.0093,0.00936,0.00915,0.00925,10833666.0
2026-03-09 12:00:00,0.00925,0.00936,0.00924,0.00933,16013443.0
2026-03-09 16:00:00,0.00933,0.0094,0.00924,0.00931,21336428.0
2026-03-09 20:00:00,0.00932,0.00935,0.0092,0.00924,6749281.0
2026-03-10 00:00:00,0.00924,0.00939,0.00919,0.00926,17044272.0
2026-03-10 04:00:00,0.00926,0.00933,0.00921,0.00931,12993737.0
2026-03-10 08:00:00,0.00931,0.00951,0.00926,0.00943,29002411.0
2026-03-10 12:00:00,0.00943,0.00973,0.00931,0.00961,81668004.0
2026-03-10 16:00:00,0.00961,0.0111,0.00956,0.01027,636331974.0
2026-03-10 20:00:00,0.01027,0.01121,0.01024,0.01084,806673445.0
2026-03-11 00:00:00,0.01084,0.0116,0.0107,0.01117,719001843.0
2026-03-11 04:00:00,0.01116,0.0128,0.01086,0.01245,1100829652.0
2026-03-11 08:00:00,0.01245,0.01544,0.0123,0.01427,3497711040.0
2026-03-11 12:00:00,0.01427,0.01433,0.01202,0.0122,2113472811.0
2026-03-11 16:00:00,0.01221,0.0126,0.01151,0.01165,981851288.0
2026-03-11 20:00:00,0.01164,0.01255,0.01148,0.01194,570824806.0
2026-03-12 00:00:00,0.01194,0.01198,0.01119,0.01143,437261956.0
2026-03-12 04:00:00,0.01143,0.0117,0.01132,0.01155,210736634.0
2026-03-12 08:00:00,0.01155,0.01238,0.01138,0.01199,401034619.0
2026-03-12 12:00:00,0.01199,0.01266,0.01188,0.01192,528558310.0
2026-03-12 16:00:00,0.01191,0.01196,0.01145,0.01148,201604690.0
2026-03-12 20:00:00,0.01148,0.01177,0.01142,0.0117,96245251.0
2026-03-13 00:00:00,0.0117,0.01237,0.01155,0.01201,256144787.0
2026-03-13 04:00:00,0.01201,0.01315,0.0119,0.01262,475463018.0
2026-03-13 08:00:00,0.01262,0.01333,0.01208,0.01215,550794633.0
2026-03-13 12:00:00,0.01215,0.01229,0.01192,0.01202,210482189.0
2026-03-13 16:00:00,0.01201,0.01208,0.01174,0.01178,105550548.0
2026-03-13 20:00:00,0.01178,0.0118,0.01135,0.01137,111382451.0
2026-03-14 00:00:00,0.01137,0.01152,0.01119,0.0114,90356357.0
