symbol,side,entry,exit,pnl,reason,time
BNB/USDT,LONG,478.84,466.46864729350744,-158.02316531754266,STOP_LOSS,2024-03-08 16:00:00
BNB/USDT,LONG,464.01,469.26952031381063,19.54024969143668,TP1_10%,2024-03-08 16:15:00
BNB/USDT,LONG,464.01,464.53595203138104,-4.735378738767234,BE_STOP,2024-03-08 16:15:00
BTC/USDT,LONG,69299.3,72047.69976543047,23.692706100324088,TP1_10%,2024-03-13 01:30:00
SOL/USDT,LONG,144.0,155.96617640132706,48.300484074912205,TP1_10%,2024-03-13 15:00:00
AVAX/USDT,LONG,53.122,55.95045549044674,35.91243536453576,TP1_10%,2024-03-14 00:30:00
AVAX/USDT,LONG,53.122,59.344602078982845,160.68689344589683,TP2_20%,2024-03-14 02:30:00
AVAX/USDT,LONG,53.122,55.95045549044674,251.3870475517503,BE_STOP,2024-03-14 04:45:00
SOL/USDT,LONG,144.0,170.32558808291958,214.56232022179546,TP2_20%,2024-03-14 06:45:00
AVAX/USDT,LONG,55.558,53.65143394079664,-110.46861961688485,STOP_LOSS,2024-03-14 15:15:00
BTC/USDT,LONG,69299.3,69574.13997654305,10.978248857147307,BE_STOP,2024-03-14 18:45:00
XRP/USDT,SHORT,0.6731,0.6536367794571096,24.97800052540389,TP1_10%,2024-03-15 02:30:00
XRP/USDT,SHORT,0.6731,0.630280914805641,112.95106608014657,TP2_20%,2024-03-15 03:15:00
BNB/USDT,LONG,584.8,562.2611307084844,-163.37205834405376,STOP_LOSS,2024-03-15 08:45:00
XRP/USDT,SHORT,0.6731,0.5952471178284382,725.4178510661292,TP3_FULL,2024-03-15 09:00:00
SOL/USDT,LONG,144.0,191.8647056053083,1369.0197541501823,TP3_FULL,2024-03-16 05:30:00
AVAX/USDT,LONG,57.371,56.001734559172725,-199.3325658442392,STOP_LOSS,2024-03-16 17:00:00
BNB/USDT,LONG,597.68,579.3539294707759,-196.88327141029504,STOP_LOSS,2024-03-16 18:45:00
SOL/USDT,LONG,200.885,194.96198582324004,-192.24325359711295,STOP_LOSS,2024-03-19 00:30:00
AVAX/USDT,LONG,61.14,59.069207021381416,-126.94835589728979,STOP_LOSS,2024-03-19 01:00:00
BNB/USDT,LONG,572.43,558.8600945907018,-188.0503074247986,STOP_LOSS,2024-03-22 13:00:00
XRP/USDT,LONG,0.6221,0.6117105932445457,-192.45188491205047,STOP_LOSS,2024-03-22 13:30:00
XRP/USDT,LONG,0.6034,0.6015898000000001,-100.84312746861038,STOP_LOSS,2024-03-22 14:15:00
XRP/USDT,LONG,0.6027,0.6008919,-99.95613148802182,STOP_LOSS,2024-03-22 14:30:00
XRP/USDT,LONG,0.6091,0.6259149286246264,26.61047720238175,TP1_10%,2024-03-23 13:45:00
XRP/USDT,LONG,0.6091,0.6460928429741779,119.33025799097085,TP2_20%,2024-03-25 15:00:00
SOL/USDT,LONG,193.088,190.2499226255627,-187.33299089907814,STOP_LOSS,2024-03-26 14:30:00
AVAX/USDT,LONG,56.392,55.74831920718775,-128.01540393260584,STOP_LOSS,2024-03-26 16:15:00
XRP/USDT,LONG,0.6091,0.6259149286246264,179.13283673328948,BE_STOP,2024-03-26 16:30:00
ETH/USDT,SHORT,3653.74,3622.1448699800267,16.35472345269308,TP1_10%,2024-03-27 13:30:00
ETH/USDT,SHORT,3653.74,3650.5804869980025,-10.849827343502346,BE_STOP,2024-03-27 13:30:00
BTC/USDT,LONG,70848.0,70417.60946662881,-140.5654952426259,STOP_LOSS,2024-03-29 03:15:00
AVAX/USDT,LONG,53.719,52.655792424651175,-122.97262211461847,STOP_LOSS,2024-03-29 15:30:00
BTC/USDT,LONG,70632.1,70242.24902921429,-138.02238818974584,STOP_LOSS,2024-04-01 05:30:00
ETH/USDT,SHORT,3596.08,3413.406137890942,39.91245010807204,TP1_10%,2024-04-01 17:30:00
AVAX/USDT,SHORT,47.899,46.475525241452694,39.04132647211798,TP1_10%,2024-04-04 20:00:00
AVAX/USDT,SHORT,47.899,44.767355531195925,176.13521290040836,TP2_20%,2024-04-05 05:15:00
AVAX/USDT,SHORT,47.899,46.475525241452694,269.4318631577848,BE_STOP,2024-04-06 03:45:00
XRP/USDT,SHORT,0.5879,0.5953451577433744,-188.20839478857513,STOP_LOSS,2024-04-06 15:00:00
ETH/USDT,SHORT,3596.08,3577.812613789094,1.374099182776522,BE_STOP,2024-04-08 08:15:00
ETH/USDT,LONG,3600.88,3614.45434019675,53.09607224243784,STOP_LOSS,2024-04-09 08:15:00
BTC/USDT,LONG,69928.5,69132.83942727056,-125.87601979316912,STOP_LOSS,2024-04-09 14:30:00
BTC/USDT,LONG,69216.0,69008.352,-98.00891768555987,STOP_LOSS,2024-04-09 14:45:00
BTC/USDT,LONG,69416.0,69079.43087841789,-137.9522684368759,STOP_LOSS,2024-04-09 15:00:00
BTC/USDT,LONG,68923.5,68716.7295,-95.93345028466341,STOP_LOSS,2024-04-09 16:45:00
XRP/USDT,LONG,0.6166,0.6053339819178944,-121.8579273068531,STOP_LOSS,2024-04-10 02:30:00
AVAX/USDT,SHORT,47.497,47.67691884222496,-110.96524638866305,STOP_LOSS,2024-04-10 06:15:00
SOL/USDT,SHORT,176.556,169.2570721838864,25.999897042505626,TP1_10%,2024-04-10 10:15:00
SOL/USDT,SHORT,176.556,175.82610721838864,13.750344675850318,BE_STOP,2024-04-11 07:15:00
BNB/USDT,LONG,616.42,608.8893355073149,-88.70287381761045,STOP_LOSS,2024-04-12 13:30:00
BNB/USDT,LONG,609.38,607.55186,-46.30559760501951,STOP_LOSS,2024-04-12 13:45:00
BNB/USDT,LONG,611.89,608.518485827103,-72.39516162856756,STOP_LOSS,2024-04-12 14:45:00
BTC/USDT,SHORT,61919.9,63116.822889877905,-84.19080294034187,STOP_LOSS,2024-04-18 14:00:00
XRP/USDT,SHORT,0.499,0.4704306650632431,12.612897254403705,TP1_10%,2024-04-19 02:15:00
XRP/USDT,SHORT,0.499,0.49614306650632434,8.037762502069297,BE_STOP,2024-04-19 06:45:00
XRP/USDT,SHORT,0.5024,0.5094283576773774,-85.42107482057774,STOP_LOSS,2024-04-19 22:00:00
ETH/USDT,SHORT,3087.02,3179.268980829543,-82.58918705730001,STOP_LOSS,2024-04-21 02:15:00
BNB/USDT,LONG,605.08,597.9419100270542,-57.329481648995255,STOP_LOSS,2024-04-24 14:30:00
BTC/USDT,LONG,65819.5,64466.57142521336,-83.7152690907205,STOP_LOSS,2024-04-24 16:15:00
ETH/USDT,SHORT,3130.76,3157.7319136282167,-58.379668695559424,STOP_LOSS,2024-04-27 14:00:00
ETH/USDT,SHORT,3155.44,3164.9063199999996,-43.93009262150063,STOP_LOSS,2024-04-27 17:00:00
BTC/USDT,SHORT,63710.0,64136.20983895214,-60.10791897585695,STOP_LOSS,2024-04-28 03:00:00
XRP/USDT,SHORT,0.5292,0.5047415006208689,17.8565932133477,TP1_10%,2024-04-29 03:30:00
BTC/USDT,SHORT,62726.4,63432.16277073107,-83.48313224298339,STOP_LOSS,2024-04-29 22:15:00
AVAX/USDT,SHORT,32.295,32.88277560863721,-52.85566975442146,STOP_LOSS,2024-05-01 14:45:00
ETH/USDT,SHORT,2988.19,2892.1159189137875,23.347014113362512,TP1_10%,2024-05-02 01:30:00
ETH/USDT,SHORT,2988.19,2978.582591891379,11.04344045874895,BE_STOP,2024-05-02 11:00:00
ETH/USDT,SHORT,2986.46,3021.0724091586903,-82.98971835468693,STOP_LOSS,2024-05-03 02:00:00
ETH/USDT,SHORT,3014.98,2992.3676500000006,5.92711687905062,TP1_10%,2024-05-03 06:00:00
ETH/USDT,SHORT,3014.98,2965.2328300000013,29.34127941480454,TP2_20%,2024-05-03 07:45:00
ETH/USDT,SHORT,3014.98,2992.3676500000006,40.810242081066455,BE_STOP,2024-05-03 12:30:00
XRP/USDT,SHORT,0.5292,0.5267541500620869,3.3901715355461146,BE_STOP,2024-05-03 15:45:00
AVAX/USDT,LONG,36.947,39.343880783836866,17.858178491436377,TP1_10%,2024-05-06 08:15:00
AVAX/USDT,LONG,36.947,37.18668807838369,11.922392985999775,BE_STOP,2024-05-06 14:45:00
BNB/USDT,LONG,585.95,579.1239315795374,-84.85327203496357,STOP_LOSS,2024-05-07 22:00:00
AVAX/USDT,SHORT,36.993,35.631791063654525,17.720294160791724,TP1_10%,2024-05-07 22:00:00
AVAX/USDT,SHORT,36.993,33.99834034003995,79.35001265305829,TP2_20%,2024-05-08 20:15:00
BTC/USDT,SHORT,62416.1,62827.17049422995,-59.63053009497585,STOP_LOSS,2024-05-09 22:30:00
AVAX/USDT,SHORT,36.993,35.631791063654525,121.59078380187677,BE_STOP,2024-05-10 04:00:00
XRP/USDT,SHORT,0.5027,0.506758651604819,-93.76653911650216,STOP_LOSS,2024-05-13 11:00:00
XRP/USDT,LONG,0.5145,0.5288147463719475,17.235688400187726,TP1_10%,2024-05-17 16:00:00
XRP/USDT,LONG,0.5145,0.5159314746371947,3.448598450439958,BE_STOP,2024-05-19 11:00:00
SOL/USDT,LONG,175.005,176.3175375,5.98417540188796,TP1_10%,2024-05-21 20:00:00
SOL/USDT,LONG,175.005,177.89258249999997,29.62941263960506,TP2_20%,2024-05-21 20:30:00
SOL/USDT,LONG,175.005,176.3175375,41.201927631695284,BE_STOP,2024-05-22 04:30:00
ETH/USDT,LONG,3692.71,3668.373453634531,-59.95266411935975,STOP_LOSS,2024-05-22 12:30:00
ETH/USDT,LONG,3678.32,3772.0603082770913,11.61029975925803,TP1_10%,2024-05-22 15:30:00
BTC/USDT,LONG,69947.9,69067.42171823785,-55.49922392030616,STOP_LOSS,2024-05-22 21:00:00
XRP/USDT,LONG,0.5277,0.5254998336714446,-54.5039866819183,STOP_LOSS,2024-05-23 10:00:00
SOL/USDT,LONG,177.404,174.67256213242456,-82.35783303653984,STOP_LOSS,2024-05-23 10:30:00
ETH/USDT,LONG,3678.32,3884.5486782096013,52.51328705659897,TP2_20%,2024-05-23 11:15:00
BTC/USDT,LONG,69804.1,69084.42087728501,-55.57147563271133,STOP_LOSS,2024-05-23 12:45:00
ETH/USDT,LONG,3678.32,3772.0603082770913,80.2590128272004,BE_STOP,2024-05-23 13:45:00
ETH/USDT,LONG,3675.2,3804.447053072256,11.672064519091784,TP1_10%,2024-05-23 21:00:00
ETH/USDT,LONG,3675.2,3688.1247053072257,6.270877947309085,BE_STOP,2024-05-24 06:15:00
ETH/USDT,LONG,3689.13,3640.12102131294,-80.77863769485974,STOP_LOSS,2024-05-24 08:15:00
BNB/USDT,LONG,602.63,611.5647584505487,10.936579864271515,TP1_10%,2024-05-27 15:15:00
BNB/USDT,LONG,602.63,603.5234758450549,-0.13507181938621393,BE_STOP,2024-05-27 19:45:00
SOL/USDT,LONG,168.765,166.1924838500895,-79.21587283361835,STOP_LOSS,2024-05-28 03:30:00
ETH/USDT,LONG,3838.62,3907.4421532840474,15.85672749205122,TP1_10%,2024-05-28 10:00:00
ETH/USDT,LONG,3838.62,3845.5022153284044,2.5198751850442136,BE_STOP,2024-05-28 14:30:00
SOL/USDT,LONG,168.475,165.70369541325127,-53.03190764278566,STOP_LOSS,2024-05-30 07:00:00
XRP/USDT,SHORT,0.5247,0.5139775902924708,10.971112809495612,TP1_10%,2024-05-31 16:00:00
BTC/USDT,LONG,67507.1,66816.5866321022,-81.5142948588527,STOP_LOSS,2024-05-31 16:15:00
BNB/USDT,LONG,594.5,610.4926249957851,16.456810487474744,TP1_10%,2024-06-03 01:00:00
BNB/USDT,LONG,594.5,629.6837749907273,75.79705531461606,TP2_20%,2024-06-03 06:30:00
XRP/USDT,SHORT,0.5247,0.5236277590292471,-3.976212289088771,BE_STOP,2024-06-04 08:15:00
BNB/USDT,LONG,594.5,658.4704999831406,489.26091167042495,TP3_FULL,2024-06-04 14:00:00
BTC/USDT,LONG,68743.9,70178.50116137651,16.75139170502603,TP1_10%,2024-06-04 14:15:00
XRP/USDT,SHORT,0.5246,0.5290630739977249,-55.83756776372112,STOP_LOSS,2024-06-04 14:15:00
AVAX/USDT,SHORT,35.998,36.89678760739499,-52.834748571811595,STOP_LOSS,2024-06-05 18:00:00
ETH/USDT,SHORT,3803.04,3884.1442168619806,-84.03298102334236,STOP_LOSS,2024-06-05 20:00:00
XRP/USDT,LONG,0.5263,0.5242886970365319,-51.65172376926729,STOP_LOSS,2024-06-05 23:15:00
BTC/USDT,LONG,68743.9,71900.02255502835,75.04939190025529,TP2_20%,2024-06-07 12:00:00
BTC/USDT,LONG,68743.9,70178.50116137651,111.23225553327121,BE_STOP,2024-06-07 17:45:00
BTC/USDT,LONG,69302.7,68833.48643790821,-66.42154711737213,STOP_LOSS,2024-06-11 01:45:00
SOL/USDT,SHORT,153.14,155.67997481093207,-54.06679723261439,STOP_LOSS,2024-06-12 12:30:00
XRP/USDT,SHORT,0.4792,0.4813797144837691,-58.98963631564697,STOP_LOSS,2024-06-15 13:15:00
AVAX/USDT,SHORT,30.296,29.70867205809212,11.434485141821368,TP1_10%,2024-06-17 01:30:00
AVAX/USDT,SHORT,30.296,29.00387852780267,52.44618487858697,TP2_20%,2024-06-17 07:00:00
XRP/USDT,SHORT,0.4983,0.5073063566303722,-54.473780030473364,STOP_LOSS,2024-06-17 14:15:00
AVAX/USDT,SHORT,30.296,27.946688232368487,338.3973465621433,TP3_FULL,2024-06-17 16:15:00
AVAX/USDT,SHORT,29.2,27.716451719553312,12.407566395237673,TP1_10%,2024-06-18 01:15:00
AVAX/USDT,SHORT,29.2,25.936193783017288,55.43649048397273,TP2_20%,2024-06-18 01:30:00
AVAX/USDT,SHORT,29.2,27.716451719553312,85.62330051364523,BE_STOP,2024-06-20 05:45:00
ETH/USDT,SHORT,3513.2,3472.566754038924,10.53357076794355,TP1_10%,2024-06-21 12:15:00
ETH/USDT,SHORT,3513.2,3509.1366754038922,-2.26059475675108,BE_STOP,2024-06-21 14:15:00
XRP/USDT,SHORT,0.4871,0.4746162468370887,12.051538779066883,TP1_10%,2024-06-23 20:30:00
AVAX/USDT,SHORT,25.393,25.089380893824007,10.960068716061594,TP1_10%,2024-06-23 23:00:00
AVAX/USDT,SHORT,25.393,24.72503796641282,51.709889446277195,TP2_20%,2024-06-24 02:45:00
AVAX/USDT,SHORT,25.393,24.178523575296033,337.3808111362806,TP3_FULL,2024-06-24 05:30:00
BTC/USDT,SHORT,61540.5,60972.8222713705,16.873775931297438,TP1_10%,2024-06-25 05:30:00
BTC/USDT,SHORT,61540.5,61483.73222713705,-9.248629701946442,BE_STOP,2024-06-25 09:45:00
BTC/USDT,SHORT,61445.1,61739.786095245385,-133.6744656513009,STOP_LOSS,2024-06-25 14:15:00
SOL/USDT,SHORT,138.109,141.55907465278378,-84.38969498235038,STOP_LOSS,2024-06-27 13:00:00
AVAX/USDT,SHORT,27.888,28.185752004597305,-60.27428011412825,STOP_LOSS,2024-06-30 06:15:00
XRP/USDT,SHORT,0.4871,0.48585162468370885,-8.34780400696363,BE_STOP,2024-07-02 10:00:00
SOL/USDT,LONG,147.613,152.38798610267708,18.766349634003813,TP1_10%,2024-07-02 18:15:00
SOL/USDT,LONG,147.613,148.0904986102677,8.944929939960126,BE_STOP,2024-07-03 04:30:00
BNB/USDT,SHORT,577.01,563.6666756499884,12.298658074799475,TP1_10%,2024-07-03 10:00:00
BNB/USDT,SHORT,577.01,547.6546864299745,56.046315946868255,TP2_20%,2024-07-04 01:30:00
BNB/USDT,SHORT,577.01,523.6367025999537,361.4682597927064,TP3_FULL,2024-07-04 09:00:00
SOL/USDT,SHORT,132.709,135.93747123143044,-173.85353759969544,STOP_LOSS,2024-07-05 16:15:00
BTC/USDT,SHORT,56469.1,57743.86976569311,-176.7708264089626,STOP_LOSS,2024-07-06 16:15:00
XRP/USDT,SHORT,0.4434,0.4466416041866443,-63.196383085165316,STOP_LOSS,2024-07-06 18:45:00
XRP/USDT,SHORT,0.4486,0.43175356497706446,18.931573435274387,TP1_10%,2024-07-07 13:15:00
XRP/USDT,SHORT,0.4486,0.4115378429495418,85.21419861365096,TP2_20%,2024-07-08 00:45:00
BNB/USDT,SHORT,505.1,512.5238908098099,-58.31894715845266,STOP_LOSS,2024-07-08 08:15:00
XRP/USDT,SHORT,0.4486,0.43175356497706446,131.78436962444238,BE_STOP,2024-07-08 08:45:00
ETH/USDT,SHORT,3073.32,3117.9645224384344,-118.30115771078238,STOP_LOSS,2024-07-10 04:15:00
BTC/USDT,SHORT,58168.0,58804.11627520108,-59.809566903328175,STOP_LOSS,2024-07-11 11:45:00
XRP/USDT,LONG,0.4607,0.46415525,6.422626233517741,TP1_10%,2024-07-12 16:45:00
XRP/USDT,LONG,0.4607,0.46830154999999996,31.800311675825736,TP2_20%,2024-07-12 18:00:00
XRP/USDT,LONG,0.4607,0.47452099999999997,210.8151517115406,TP3_FULL,2024-07-12 22:00:00
XRP/USDT,LONG,0.533,0.5272668759588518,-121.83444462627055,STOP_LOSS,2024-07-13 22:15:00
ETH/USDT,SHORT,3121.23,3223.9782635598976,-83.65172185903009,STOP_LOSS,2024-07-14 09:30:00
BTC/USDT,LONG,59725.8,61114.9481369455,18.546916004635506,TP1_10%,2024-07-14 21:45:00
BTC/USDT,LONG,59725.8,62781.92590128009,84.67732649679941,TP2_20%,2024-07-15 04:15:00
ETH/USDT,LONG,3414.5,3364.5712199199284,-117.00244372542456,STOP_LOSS,2024-07-16 08:15:00
BNB/USDT,LONG,563.86,556.3995925538035,-118.07840529123384,STOP_LOSS,2024-07-16 08:15:00
BNB/USDT,LONG,556.21,560.3815750000001,12.737613473230057,TP1_10%,2024-07-16 08:45:00
BNB/USDT,LONG,556.21,565.387465,63.06767103167592,TP2_20%,2024-07-16 09:15:00
BNB/USDT,LONG,556.21,572.8963000000001,418.09718005825476,TP3_FULL,2024-07-16 12:15:00
XRP/USDT,LONG,0.5253,0.5741345972676877,13.020983003828382,TP1_10%,2024-07-16 14:15:00
BTC/USDT,LONG,59725.8,65282.39254778199,542.601276709186,TP3_FULL,2024-07-16 23:15:00
XRP/USDT,LONG,0.5253,0.6327361139889127,57.92903350271726,TP2_20%,2024-07-17 13:00:00
BTC/USDT,LONG,65257.4,64316.16017486076,-189.1093619379381,STOP_LOSS,2024-07-17 16:00:00
AVAX/USDT,LONG,28.288,27.73552755634856,-246.30876668837462,STOP_LOSS,2024-07-17 16:00:00
XRP/USDT,LONG,0.5253,0.5741345972676877,90.6449713419893,BE_STOP,2024-07-18 08:00:00
BTC/USDT,SHORT,64459.5,65399.9592062747,-125.26637756590115,STOP_LOSS,2024-07-19 14:00:00
AVAX/USDT,SHORT,27.463,27.84693499885741,-186.34835064308078,STOP_LOSS,2024-07-19 16:00:00
SOL/USDT,LONG,172.162,175.69294896265922,38.05874660374325,TP1_10%,2024-07-21 18:15:00
SOL/USDT,LONG,172.162,172.51509489626594,11.650937382112023,BE_STOP,2024-07-21 18:15:00
XRP/USDT,LONG,0.5802,0.5981896518391709,26.002248261223627,TP1_10%,2024-07-21 20:30:00
XRP/USDT,LONG,0.5802,0.619777234046176,116.83571746816622,TP2_20%,2024-07-22 18:45:00
XRP/USDT,LONG,0.5802,0.5981896518391709,179.55475582400368,BE_STOP,2024-07-23 05:15:00
BNB/USDT,LONG,591.68,579.5654515310375,-176.5934386295744,STOP_LOSS,2024-07-23 05:15:00
BTC/USDT,LONG,66975.1,66276.8805702735,-126.53378151443522,STOP_LOSS,2024-07-23 07:15:00
SOL/USDT,SHORT,177.99,172.80803614787288,26.124695611883624,TP1_10%,2024-07-23 13:30:00
SOL/USDT,SHORT,177.99,177.4718036147873,12.830311656899537,BE_STOP,2024-07-23 14:30:00
ETH/USDT,LONG,3475.31,3401.999459351327,-118.53335387938792,STOP_LOSS,2024-07-23 16:45:00
AVAX/USDT,SHORT,28.225,28.653083615342968,-119.02977820049375,STOP_LOSS,2024-07-26 16:15:00
SOL/USDT,LONG,185.17,182.9638538540038,-180.4385136788088,STOP_LOSS,2024-07-27 15:15:00
ETH/USDT,SHORT,3276.26,3331.0273200613074,-57.74195280343957,STOP_LOSS,2024-07-29 03:00:00
SOL/USDT,LONG,187.555,186.48469382884696,-65.54783665588505,STOP_LOSS,2024-07-29 15:15:00
BNB/USDT,LONG,583.73,578.8737496647069,-91.66134206711996,STOP_LOSS,2024-07-29 16:30:00
XRP/USDT,LONG,0.5922,0.6494149866930815,26.446018293215545,TP1_10%,2024-07-31 01:45:00
XRP/USDT,LONG,0.5922,0.5979214986693081,14.736323868961406,BE_STOP,2024-08-01 04:45:00
BTC/USDT,SHORT,64828.3,62909.10261292024,12.414448805415326,TP1_10%,2024-08-02 15:00:00
BTC/USDT,SHORT,64828.3,60606.06574842452,56.01346335182993,TP2_20%,2024-08-03 01:00:00
XRP/USDT,SHORT,0.576,0.5391287477479905,12.623392666638775,TP1_10%,2024-08-04 14:00:00
BTC/USDT,SHORT,64828.3,57151.51045168094,358.688488362282,TP3_FULL,2024-08-04 17:30:00
XRP/USDT,SHORT,0.576,0.49488324504557896,56.47863575042457,TP2_20%,2024-08-05 00:45:00
SOL/USDT,SHORT,141.922,131.96030744183943,26.619211811818197,TP1_10%,2024-08-05 00:45:00
SOL/USDT,SHORT,141.922,120.00627637204676,118.42377603871911,TP2_20%,2024-08-05 01:00:00
SOL/USDT,SHORT,141.922,131.96030744183943,186.33448268272738,BE_STOP,2024-08-05 01:15:00
BTC/USDT,SHORT,54428.0,55271.61144486328,-184.02016174451722,STOP_LOSS,2024-08-05 16:15:00
BTC/USDT,SHORT,54612.0,53134.8676994608,26.23927824624847,TP1_10%,2024-08-05 18:45:00
BTC/USDT,SHORT,54612.0,54464.28676994608,12.02237256390067,BE_STOP,2024-08-05 21:00:00
BTC/USDT,SHORT,54524.5,55051.75894221755,-127.13318279323761,STOP_LOSS,2024-08-05 23:00:00
BTC/USDT,SHORT,54523.5,54999.47462790242,-127.38803775200368,STOP_LOSS,2024-08-06 00:15:00
SOL/USDT,SHORT,139.81,143.85665960625434,-170.64478949181697,STOP_LOSS,2024-08-06 06:00:00
SOL/USDT,SHORT,142.287,145.87903518055907,-169.72840742013773,STOP_LOSS,2024-08-06 14:30:00
XRP/USDT,SHORT,0.576,0.5391287477479905,87.08223551246111,BE_STOP,2024-08-07 19:45:00
AVAX/USDT,LONG,21.795,21.532486142136534,-118.14520067405923,STOP_LOSS,2024-08-09 10:15:00
XRP/USDT,LONG,0.5875,0.5826824278478899,-61.26720738760338,STOP_LOSS,2024-08-10 23:00:00
BNB/USDT,LONG,525.44,521.7307742941728,-88.02228785981508,STOP_LOSS,2024-08-11 12:00:00
XRP/USDT,SHORT,0.5641,0.5725900900139769,-56.45491379908389,STOP_LOSS,2024-08-12 08:00:00
AVAX/USDT,SHORT,21.032,21.362985978077816,-56.24544173527698,STOP_LOSS,2024-08-12 08:15:00
SOL/USDT,SHORT,146.521,150.3060779915292,-80.78466640507153,STOP_LOSS,2024-08-12 11:15:00
BTC/USDT,SHORT,59809.2,58090.16689799131,18.08185832518239,TP1_10%,2024-08-12 13:45:00
BTC/USDT,SHORT,59809.2,59637.29668979913,8.779785155843058,BE_STOP,2024-08-12 14:15:00
SOL/USDT,SHORT,144.648,142.18519417536396,11.661004148470774,TP1_10%,2024-08-15 13:00:00
SOL/USDT,SHORT,144.648,144.40171941753638,2.038912966895449,BE_STOP,2024-08-15 13:15:00
SOL/USDT,SHORT,144.221,138.05191173216983,18.414415294211512,TP1_10%,2024-08-16 14:45:00
BTC/USDT,SHORT,59140.1,59939.87694426759,-86.6420631439447,STOP_LOSS,2024-08-18 02:45:00
ETH/USDT,SHORT,2610.96,2635.801694129893,-90.92790663733442,STOP_LOSS,2024-08-18 02:45:00
SOL/USDT,SHORT,144.221,143.604091173217,9.15017654459158,BE_STOP,2024-08-18 10:00:00
AVAX/USDT,SHORT,20.748,21.00573336513516,-85.6983378920976,STOP_LOSS,2024-08-18 10:15:00
BNB/USDT,LONG,532.81,546.0430330806223,17.414763549503473,TP1_10%,2024-08-19 16:15:00
BNB/USDT,LONG,532.81,561.9226727773691,79.35504926931873,TP2_20%,2024-08-20 00:15:00
SOL/USDT,SHORT,143.909,147.49716172195127,-52.59021422679875,STOP_LOSS,2024-08-20 01:00:00
ETH/USDT,SHORT,2650.9,2681.120493204522,-84.5293872694303,STOP_LOSS,2024-08-20 05:15:00
BNB/USDT,LONG,532.81,546.0430330806223,119.27825864315562,BE_STOP,2024-08-21 13:30:00
ETH/USDT,SHORT,2646.76,2607.8879270364732,13.31526419707481,TP1_10%,2024-08-22 02:45:00
ETH/USDT,SHORT,2646.76,2642.8727927036475,-0.27312621892653743,BE_STOP,2024-08-22 10:45:00
BTC/USDT,LONG,60792.5,61631.35453766621,11.25311016888857,TP1_10%,2024-08-23 14:00:00
BTC/USDT,LONG,60792.5,60876.38545376662,-0.17249501024256908,BE_STOP,2024-08-23 14:45:00
ETH/USDT,LONG,2648.58,2711.1430690741354,17.69239472777664,TP1_10%,2024-08-23 17:45:00
ETH/USDT,LONG,2648.58,2786.218751963098,80.52372244438054,TP2_20%,2024-08-23 22:15:00
XRP/USDT,LONG,0.5956,0.6159607224674052,11.828143622350904,TP1_10%,2024-08-24 13:00:00
XRP/USDT,LONG,0.5956,0.5976360722467405,4.342861838263506,BE_STOP,2024-08-25 07:30:00
AVAX/USDT,LONG,26.716,26.171088798347476,-54.1869523989091,STOP_LOSS,2024-08-25 07:30:00
AVAX/USDT,LONG,26.503,27.28402046849592,11.971289356906293,TP1_10%,2024-08-25 21:30:00
AVAX/USDT,LONG,26.503,26.581102046849594,5.569904932384271,BE_STOP,2024-08-26 00:45:00
ETH/USDT,LONG,2648.58,2711.1430690741354,119.38478702416437,BE_STOP,2024-08-26 09:30:00
XRP/USDT,LONG,0.5997,0.5894106735160598,-54.869320043169836,STOP_LOSS,2024-08-26 12:30:00
AVAX/USDT,SHORT,25.147,23.314048552237047,12.454772969554325,TP1_10%,2024-08-28 16:15:00
BTC/USDT,SHORT,60040.0,60227.246011549585,-46.07948272205894,STOP_LOSS,2024-08-29 12:15:00
SOL/USDT,SHORT,145.52,137.3502185309399,18.579873681857926,TP1_10%,2024-08-30 05:15:00
BNB/USDT,SHORT,537.0,519.7626907282288,12.08193042717795,TP1_10%,2024-09-01 05:30:00
AVAX/USDT,SHORT,25.147,21.114506814921505,55.01748287575363,TP2_20%,2024-09-01 22:45:00
SOL/USDT,SHORT,145.52,127.5464807680678,82.44587533409532,TP2_20%,2024-09-02 04:45:00
BNB/USDT,SHORT,537.0,535.2762690728229,3.6059921970233937,BE_STOP,2024-09-03 02:00:00
SOL/USDT,SHORT,145.52,137.3502185309399,127.4379786498744,BE_STOP,2024-09-03 02:15:00
SOL/USDT,SHORT,136.505,135.4812125,6.377362080946461,TP1_10%,2024-09-03 03:00:00
SOL/USDT,SHORT,136.505,134.2526675,31.57014895518661,TP2_20%,2024-09-03 06:00:00
SOL/USDT,SHORT,136.505,132.40985,208.54530238314865,TP3_FULL,2024-09-03 13:30:00
XRP/USDT,SHORT,0.5731,0.541915820870835,12.000408116307673,TP1_10%,2024-09-04 01:00:00
ETH/USDT,SHORT,2436.98,2477.8964099150303,-116.04246033651626,STOP_LOSS,2024-09-04 16:15:00
BNB/USDT,SHORT,506.75,488.2571191390223,18.941857954304066,TP1_10%,2024-09-06 16:30:00
XRP/USDT,SHORT,0.5731,0.504494805915837,54.17858959874775,TP2_20%,2024-09-06 20:45:00
SOL/USDT,SHORT,132.7,123.27077357671118,39.039007500082725,TP1_10%,2024-09-06 20:45:00
BNB/USDT,SHORT,506.75,504.9007119139022,7.108523311353911,BE_STOP,2024-09-08 08:30:00
AVAX/USDT,SHORT,25.147,23.314048552237047,83.02835669719668,BE_STOP,2024-09-08 22:15:00
SOL/USDT,SHORT,132.7,131.7570773576711,21.407766071432356,BE_STOP,2024-09-09 16:45:00
AVAX/USDT,LONG,23.379,24.12854481535908,38.6688966459974,TP1_10%,2024-09-09 16:45:00
BTC/USDT,LONG,55106.9,56711.36621697951,25.567458511076012,TP1_10%,2024-09-09 17:30:00
XRP/USDT,SHORT,0.5731,0.541915820870835,81.0525841991666,BE_STOP,2024-09-09 21:15:00
AVAX/USDT,LONG,23.379,23.45395448153591,15.94600117461664,BE_STOP,2024-09-11 04:45:00
AVAX/USDT,LONG,23.438,23.08394787379129,-119.8238566945207,STOP_LOSS,2024-09-11 13:45:00
SOL/USDT,SHORT,132.237,134.81164830218282,-118.2615930846767,STOP_LOSS,2024-09-12 01:45:00
BNB/USDT,LONG,532.18,542.0736405886286,25.070881536155834,TP1_10%,2024-09-12 01:45:00
BNB/USDT,LONG,532.18,553.9460092949829,114.04818882582862,TP2_20%,2024-09-13 14:00:00
BTC/USDT,LONG,55106.9,58636.725677354916,113.79394582304539,TP2_20%,2024-09-13 15:15:00
ETH/USDT,SHORT,2367.74,2414.735424753088,-176.15132154202325,STOP_LOSS,2024-09-13 16:00:00
AVAX/USDT,LONG,24.794,24.569611597931193,-124.76718122377041,STOP_LOSS,2024-09-15 10:45:00
BNB/USDT,LONG,532.18,542.0736405886286,163.23640334659052,BE_STOP,2024-09-16 02:15:00
SOL/USDT,SHORT,132.351,134.6267294905204,-176.11898541603816,STOP_LOSS,2024-09-17 14:15:00
BTC/USDT,LONG,55106.9,61524.764867918035,727.5629936789286,TP3_FULL,2024-09-18 23:45:00
ETH/USDT,LONG,2440.41,2502.4500209577345,26.91450946584519,TP1_10%,2024-09-20 03:45:00
SOL/USDT,LONG,142.282,148.94039065825325,27.63150777354605,TP1_10%,2024-09-20 05:15:00
ETH/USDT,LONG,2440.41,2576.898046107017,121.74272102399506,TP2_20%,2024-09-21 00:15:00
BNB/USDT,LONG,566.6,584.3923288038793,27.16121662120763,TP1_10%,2024-09-21 08:30:00
SOL/USDT,LONG,142.282,142.94783906582535,13.575617346247224,BE_STOP,2024-09-22 14:30:00
ETH/USDT,LONG,2440.41,2688.5700838309394,778.7221089571048,TP3_FULL,2024-09-23 16:00:00
BNB/USDT,LONG,566.6,605.7431233685343,121.73478971542667,TP2_20%,2024-09-23 16:00:00
AVAX/USDT,LONG,26.906,28.027707308074525,45.11224371673197,TP1_10%,2024-09-24 22:45:00
BNB/USDT,LONG,566.6,584.3923288038793,181.19028745307878,BE_STOP,2024-09-25 22:45:00
AVAX/USDT,LONG,26.906,27.01817073080745,22.96632541554294,BE_STOP,2024-09-26 00:45:00
AVAX/USDT,LONG,28.362,30.092033850635644,31.009107559446885,TP1_10%,2024-09-27 12:30:00
XRP/USDT,LONG,0.5848,0.6074977397163075,45.75089141033958,TP1_10%,2024-09-28 07:45:00
AVAX/USDT,LONG,28.362,28.53500338506356,18.347305318334975,BE_STOP,2024-09-29 08:00:00
XRP/USDT,LONG,0.5848,0.6347350273758765,205.35030946938144,TP2_20%,2024-09-29 14:15:00
ETH/USDT,LONG,2625.35,2583.572625595378,-222.6854933468209,STOP_LOSS,2024-09-30 18:15:00
AVAX/USDT,SHORT,28.217,28.635898833524845,-141.53176185938685,STOP_LOSS,2024-10-01 06:30:00
BTC/USDT,LONG,63605.8,62405.19908398336,-140.11177077932228,STOP_LOSS,2024-10-01 14:30:00
XRP/USDT,LONG,0.5848,0.6074977397163075,311.6206572970079,BE_STOP,2024-10-01 14:45:00
XRP/USDT,SHORT,0.5706,0.5223786446703329,31.641626238801056,TP1_10%,2024-10-03 07:45:00
BNB/USDT,SHORT,545.93,551.2370420773235,-227.05419568937884,STOP_LOSS,2024-10-04 08:00:00
BTC/USDT,SHORT,60859.9,62040.01421367009,-212.20306644149736,STOP_LOSS,2024-10-04 16:30:00
ETH/USDT,LONG,2441.86,2410.1036400561125,-139.93842156553123,STOP_LOSS,2024-10-07 22:45:00
AVAX/USDT,LONG,26.89,26.547230194202264,-139.27060612611453,STOP_LOSS,2024-10-07 23:00:00
BNB/USDT,LONG,570.23,562.2815680405321,-208.36580554210354,STOP_LOSS,2024-10-08 07:15:00
SOL/USDT,SHORT,139.012,141.25423819524934,-196.55333685361336,STOP_LOSS,2024-10-11 03:00:00
BTC/USDT,SHORT,61062.7,61363.88195331559,-149.32749171046137,STOP_LOSS,2024-10-11 12:30:00
AVAX/USDT,SHORT,26.45,27.248553725832114,-193.53161139770611,STOP_LOSS,2024-10-11 19:45:00
SOL/USDT,LONG,147.619,146.00739235448125,-129.00795330312016,STOP_LOSS,2024-10-13 14:30:00
BNB/USDT,LONG,582.41,590.1291368986962,25.274257052541298,TP1_10%,2024-10-15 10:45:00
BNB/USDT,LONG,582.41,599.3921011771316,117.94965838058619,TP2_20%,2024-10-15 13:45:00
BNB/USDT,LONG,582.41,590.1291368986962,175.42611292962988,BE_STOP,2024-10-15 14:30:00
BNB/USDT,LONG,584.17,578.0729381858445,-197.74873768053232,STOP_LOSS,2024-10-15 15:00:00
BNB/USDT,LONG,582.93,595.3562149257182,40.029621917124594,TP1_10%,2024-10-15 16:30:00
XRP/USDT,SHORT,0.5706,0.5657778644670333,9.451136895561994,BE_STOP,2024-10-17 05:00:00
BNB/USDT,LONG,582.93,610.2676728365802,176.04988256533989,TP2_20%,2024-10-21 07:15:00
ETH/USDT,LONG,2707.64,2687.0979657943976,-138.02319413041974,STOP_LOSS,2024-10-21 13:15:00
BNB/USDT,LONG,582.93,595.3562149257182,256.2723270920236,BE_STOP,2024-10-21 13:45:00
BNB/USDT,LONG,596.32,586.7638276016976,-129.44877850427474,STOP_LOSS,2024-10-23 06:45:00
SOL/USDT,LONG,165.45,172.64039584094735,42.304576934959044,TP1_10%,2024-10-23 19:30:00
BNB/USDT,SHORT,584.29,587.3350415422558,-148.3866763183601,STOP_LOSS,2024-10-24 00:45:00
ETH/USDT,SHORT,2551.25,2520.206904041266,24.875446383399154,TP1_10%,2024-10-25 00:45:00
ETH/USDT,SHORT,2551.25,2482.9551888907863,116.74633173254863,TP2_20%,2024-10-25 07:00:00
ETH/USDT,SHORT,2551.25,2520.206904041266,172.51228374964356,BE_STOP,2024-10-25 09:00:00
BTC/USDT,LONG,67835.0,67248.28961368912,-137.6662659369772,STOP_LOSS,2024-10-25 17:45:00
SOL/USDT,LONG,165.45,166.16903958409472,17.769975216991796,BE_STOP,2024-10-25 18:00:00
ETH/USDT,SHORT,2540.71,2409.9976877908157,28.796208208879253,TP1_10%,2024-10-25 23:00:00
BNB/USDT,LONG,584.67,573.7489388037194,-189.11037692098031,STOP_LOSS,2024-10-25 23:00:00
ETH/USDT,SHORT,2540.71,2527.6387687790816,15.287209210333401,BE_STOP,2024-10-28 09:45:00
BNB/USDT,LONG,584.89,593.3808749202645,25.729322291919196,TP1_10%,2024-10-28 09:45:00
SOL/USDT,LONG,175.13,172.5211081961595,-190.50383826245013,STOP_LOSS,2024-10-28 17:00:00
BNB/USDT,LONG,584.89,603.569924824582,120.0665113076597,TP2_20%,2024-10-28 22:00:00
SOL/USDT,LONG,179.7,176.65469821273697,-187.38005763739073,STOP_LOSS,2024-10-29 20:15:00
SOL/USDT,LONG,178.72,176.68629478034046,-127.48378022194512,STOP_LOSS,2024-10-30 11:00:00
BNB/USDT,LONG,584.89,593.3808749202645,168.94189498238626,BE_STOP,2024-10-31 01:30:00
BTC/USDT,LONG,71966.5,70966.1206178553,-251.94111402545803,STOP_LOSS,2024-10-31 14:00:00
AVAX/USDT,SHORT,25.561,24.710630269293087,27.321331605314686,TP1_10%,2024-10-31 19:30:00
AVAX/USDT,SHORT,25.561,25.475963026929307,12.561195844317002,BE_STOP,2024-11-01 13:30:00
ETH/USDT,SHORT,2578.32,2586.05496,-98.50353109615322,STOP_LOSS,2024-11-01 14:15:00
ETH/USDT,SHORT,2575.06,2555.049512312552,14.14234964726048,TP1_10%,2024-11-01 14:45:00
ETH/USDT,SHORT,2575.06,2531.0369270876145,69.67864352947082,TP2_20%,2024-11-01 15:30:00
ETH/USDT,SHORT,2575.06,2495.018049250208,461.1934595866346,TP3_FULL,2024-11-01 15:45:00
XRP/USDT,SHORT,0.5034,0.5050328153176981,-108.10652494723345,STOP_LOSS,2024-11-04 01:15:00
AVAX/USDT,SHORT,23.69,23.84506280523497,-183.2754968548212,STOP_LOSS,2024-11-04 03:00:00
XRP/USDT,SHORT,0.5078,0.5111038031868085,-179.46724110966,STOP_LOSS,2024-11-04 10:00:00
BNB/USDT,SHORT,562.1,543.4854794224395,27.438414475096167,TP1_10%,2024-11-04 21:45:00
BNB/USDT,SHORT,562.1,560.2385479422439,10.386536703650844,BE_STOP,2024-11-05 07:30:00
BNB/USDT,SHORT,567.96,563.7003000000002,13.677872228067264,TP1_10%,2024-11-05 15:15:00
BNB/USDT,SHORT,567.96,567.53403,-13.095438284741519,BE_STOP,2024-11-05 15:15:00
BNB/USDT,SHORT,567.82,569.779327884589,-108.73031194877368,STOP_LOSS,2024-11-05 17:45:00
SOL/USDT,LONG,187.53,191.65748041737749,12.912211839763092,TP1_10%,2024-11-07 15:30:00
SOL/USDT,LONG,187.53,196.6104569182305,59.08187306041874,TP2_20%,2024-11-07 18:00:00
SOL/USDT,LONG,187.53,204.03992166951,380.5061101412486,TP3_FULL,2024-11-08 10:45:00
BNB/USDT,LONG,596.01,588.8765201751884,-125.57104188964259,STOP_LOSS,2024-11-08 17:00:00
AVAX/USDT,LONG,27.576,28.466127874383726,27.292973141213405,TP1_10%,2024-11-08 19:45:00
AVAX/USDT,LONG,27.576,29.534281323644198,123.06104686067901,TP2_20%,2024-11-09 00:15:00
BTC/USDT,LONG,76580.0,75746.91150282895,-131.58208616295627,STOP_LOSS,2024-11-09 17:15:00
XRP/USDT,LONG,0.5444,0.5640046765231966,19.572933798039376,TP1_10%,2024-11-10 01:00:00
AVAX/USDT,LONG,27.576,31.136511497534904,787.7313045154173,TP3_FULL,2024-11-10 04:30:00
BTC/USDT,LONG,76510.6,78419.82830743497,26.97372261383904,TP1_10%,2024-11-10 04:45:00
XRP/USDT,LONG,0.5444,0.5875302883510326,89.03204166741727,TP2_20%,2024-11-10 05:30:00
BTC/USDT,LONG,76510.6,80710.90227635694,122.07667963041916,TP2_20%,2024-11-10 17:45:00
XRP/USDT,LONG,0.5444,0.5640046765231966,136.20188854293005,BE_STOP,2024-11-10 21:00:00
ETH/USDT,LONG,3120.86,3090.76188514479,-142.88272178361717,STOP_LOSS,2024-11-10 21:00:00
ETH/USDT,LONG,3098.35,3121.587625,15.210044574104327,TP1_10%,2024-11-10 21:15:00
ETH/USDT,LONG,3098.35,3100.6737625,-14.611038716783302,BE_STOP,2024-11-10 21:15:00
ETH/USDT,LONG,3132.1,3230.695252530787,59.376186360724176,TP1_10%,2024-11-11 15:15:00
BTC/USDT,LONG,76510.6,84147.51322973988,784.9468593208576,TP3_FULL,2024-11-11 15:30:00
ETH/USDT,LONG,3132.1,3349.009555567731,268.3906074970957,TP2_20%,2024-11-11 19:00:00
ETH/USDT,LONG,3132.1,3230.695252530787,412.85843160454857,BE_STOP,2024-11-12 10:45:00
BNB/USDT,LONG,625.42,611.1254871565413,-224.62054864979248,STOP_LOSS,2024-11-13 03:15:00
AVAX/USDT,LONG,32.166,34.008842342386615,50.284200360244604,TP1_10%,2024-11-14 06:00:00
AVAX/USDT,LONG,32.166,32.35028423423866,34.29728003832713,BE_STOP,2024-11-14 11:00:00
XRP/USDT,LONG,0.678,0.7276836585929695,33.67257340707715,TP1_10%,2024-11-14 13:30:00
XRP/USDT,LONG,0.678,0.7873040489045328,149.9645094223271,TP2_20%,2024-11-14 19:30:00
BTC/USDT,LONG,88828.6,87083.67027700081,-148.9224700114097,STOP_LOSS,2024-11-14 21:00:00
XRP/USDT,LONG,0.678,0.8767346343718777,957.6402253414963,TP3_FULL,2024-11-15 13:00:00
AVAX/USDT,LONG,33.18,34.75925210867088,36.02272249062725,TP1_10%,2024-11-17 04:15:00
AVAX/USDT,LONG,33.18,36.65435463907593,161.12190236823773,TP2_20%,2024-11-17 06:00:00
BTC/USDT,LONG,89779.9,91487.81154945499,51.57273878207215,TP1_10%,2024-11-17 09:00:00
BTC/USDT,LONG,89779.9,89950.6911549455,10.569338962536252,BE_STOP,2024-11-17 14:30:00
AVAX/USDT,LONG,33.18,34.75925210867088,251.06658934710828,BE_STOP,2024-11-17 21:45:00
BTC/USDT,LONG,90326.1,89089.86377806144,-166.51396458239753,STOP_LOSS,2024-11-17 21:45:00
SOL/USDT,LONG,235.66,242.48697068084834,72.2754797501361,TP1_10%,2024-11-19 03:00:00
SOL/USDT,LONG,235.66,236.34269706808482,28.214045880483642,BE_STOP,2024-11-19 21:15:00
ETH/USDT,LONG,3105.8,3045.85659448515,-166.86251619480393,STOP_LOSS,2024-11-20 18:30:00
SOL/USDT,LONG,253.35,255.25012500000003,18.447518724017744,TP1_10%,2024-11-22 13:30:00
SOL/USDT,LONG,253.35,253.5400125,-17.721013833459313,BE_STOP,2024-11-22 13:30:00
SOL/USDT,LONG,255.19,253.1570653677557,-266.757399201266,STOP_LOSS,2024-11-22 14:45:00
XRP/USDT,LONG,1.4627,1.4288754682108769,-157.57625846462614,STOP_LOSS,2024-11-23 20:15:00
BNB/USDT,LONG,654.68,686.1324118097142,35.98322923791757,TP1_10%,2024-11-24 08:15:00
BNB/USDT,LONG,654.68,657.8252411809714,22.288295886577387,BE_STOP,2024-11-24 11:15:00
ETH/USDT,LONG,3330.79,3585.7025947734855,54.41375734137203,TP1_10%,2024-11-27 18:15:00
XRP/USDT,LONG,1.8389,2.0015892437919596,36.319536660127646,TP1_10%,2024-12-01 19:15:00
XRP/USDT,LONG,1.8389,2.1968163363423114,161.51493801944656,TP2_20%,2024-12-01 20:00:00
XRP/USDT,LONG,1.8389,2.489656975167839,1031.607365949498,TP3_FULL,2024-12-02 01:15:00
BNB/USDT,LONG,653.1,666.0912896489612,34.88289320523086,TP1_10%,2024-12-02 01:30:00
BNB/USDT,LONG,653.1,654.3991289648961,9.986651678724796,BE_STOP,2024-12-02 03:45:00
BTC/USDT,LONG,96701.7,95538.29514318328,-175.2322654490671,STOP_LOSS,2024-12-02 08:15:00
ETH/USDT,LONG,3330.79,3891.5977085016675,241.67483835871244,TP2_20%,2024-12-05 03:00:00
BTC/USDT,LONG,98368.3,97614.28559705,-286.56995017493745,STOP_LOSS,2024-12-05 22:15:00
BTC/USDT,LONG,99462.2,98554.564917199,-193.45862393806848,STOP_LOSS,2024-12-09 03:45:00
AVAX/USDT,LONG,51.075,49.656247696103485,-168.37773517488415,STOP_LOSS,2024-12-09 09:30:00
SOL/USDT,LONG,232.45,223.91492458574285,-258.7949604826368,STOP_LOSS,2024-12-09 15:45:00
ETH/USDT,LONG,3330.79,3585.7025947734855,362.20929065663313,BE_STOP,2024-12-09 21:00:00
BTC/USDT,LONG,100485.9,99461.94655598071,-180.6025335320567,STOP_LOSS,2024-12-12 19:30:00
BTC/USDT,LONG,103604.7,106491.66128548462,73.25864308359719,TP1_10%,2024-12-16 16:00:00
SOL/USDT,SHORT,215.52,219.4045685940445,-168.13182986902075,STOP_LOSS,2024-12-17 09:15:00
ETH/USDT,LONG,4007.94,3938.6020187943514,-248.6131492093186,STOP_LOSS,2024-12-17 15:15:00
BTC/USDT,LONG,103604.7,103893.39612854845,24.546613240884938,BE_STOP,2024-12-18 04:15:00
ETH/USDT,LONG,3881.46,3830.0918056967753,-250.21405040540742,STOP_LOSS,2024-12-18 04:15:00
BTC/USDT,LONG,104017.3,103028.1912566268,-258.0617536861199,STOP_LOSS,2024-12-18 19:45:00
ETH/USDT,SHORT,3336.19,3442.2628303527104,-152.64551045302085,STOP_LOSS,2024-12-20 17:45:00
BNB/USDT,SHORT,671.77,682.969170163882,-237.72275488175984,STOP_LOSS,2024-12-21 01:00:00
SOL/USDT,SHORT,188.94,191.77090993477475,-233.38952341133293,STOP_LOSS,2024-12-28 16:30:00
AVAX/USDT,SHORT,37.005,35.57331905446809,50.590704252785685,TP1_10%,2024-12-30 13:45:00
AVAX/USDT,SHORT,37.005,36.86183190544681,30.157542088134853,BE_STOP,2024-12-30 19:00:00
ETH/USDT,SHORT,3386.66,3432.006017311226,-233.230954040354,STOP_LOSS,2024-12-31 13:15:00
XRP/USDT,SHORT,2.0886,2.1623291913239964,-222.04773734524184,STOP_LOSS,2025-01-01 12:15:00
SOL/USDT,SHORT,193.64,195.25201111260628,-119.33612284456538,STOP_LOSS,2025-01-01 21:15:00
ETH/USDT,SHORT,3417.81,3452.725271541744,-115.13976393999208,STOP_LOSS,2025-01-02 09:45:00
XRP/USDT,LONG,2.3599,2.5032651065338207,16.32735501710236,TP1_10%,2025-01-04 02:00:00
AVAX/USDT,LONG,40.949,41.264294478092694,8.430913487271383,TP1_10%,2025-01-04 16:00:00
AVAX/USDT,LONG,40.949,41.64264785180393,41.596580545040396,TP2_20%,2025-01-04 17:45:00
AVAX/USDT,LONG,40.949,42.21017791237078,275.445488152754,TP3_FULL,2025-01-04 20:15:00
XRP/USDT,LONG,2.3599,2.374236510653382,9.672139985212137,BE_STOP,2025-01-05 01:30:00
AVAX/USDT,LONG,41.87,41.73985632874218,-61.867330955581224,STOP_LOSS,2025-01-05 09:30:00
AVAX/USDT,LONG,41.667,43.75328168127929,33.053706365162775,TP1_10%,2025-01-06 04:00:00
ETH/USDT,LONG,3604.09,3699.08968665554,23.956387627757437,TP1_10%,2025-01-06 14:45:00
BNB/USDT,LONG,693.34,724.0774179372403,32.29924959988866,TP1_10%,2025-01-06 15:45:00
ETH/USDT,LONG,3604.09,3613.589968665554,5.547955274400584,BE_STOP,2025-01-07 14:30:00
SOL/USDT,LONG,213.95,211.5491844034125,-154.63846477418318,STOP_LOSS,2025-01-07 14:45:00
AVAX/USDT,LONG,41.667,41.87562816812793,18.44729581891883,BE_STOP,2025-01-07 15:00:00
BNB/USDT,LONG,693.34,696.4137417937241,4.489462266684949,BE_STOP,2025-01-07 19:15:00
BTC/USDT,SHORT,94457.0,94740.37099999998,-60.004852394432376,STOP_LOSS,2025-01-10 09:00:00
BNB/USDT,SHORT,693.08,700.8152830623525,-77.3624998299378,STOP_LOSS,2025-01-10 17:45:00
BNB/USDT,SHORT,696.87,685.0144261533153,21.083083297617996,TP1_10%,2025-01-13 03:45:00
BNB/USDT,SHORT,696.87,670.7877375372937,97.02954202873357,TP2_20%,2025-01-13 09:30:00
BNB/USDT,SHORT,696.87,685.0144261533153,145.692480005193,BE_STOP,2025-01-13 22:15:00
AVAX/USDT,SHORT,34.442,35.40222886589701,-71.52379458925753,STOP_LOSS,2025-01-13 23:00:00
BNB/USDT,SHORT,687.57,702.1851731911611,-110.92501416391661,STOP_LOSS,2025-01-15 00:15:00
AVAX/USDT,SHORT,36.051,37.467443139357506,-71.43807817735224,STOP_LOSS,2025-01-15 13:30:00
XRP/USDT,LONG,2.971,3.1434600729321835,24.690714109818742,TP1_10%,2025-01-16 07:00:00
SOL/USDT,LONG,199.65,206.31748958740565,16.189515543265795,TP1_10%,2025-01-16 11:00:00
SOL/USDT,LONG,199.65,200.31674895874056,8.828472252600829,BE_STOP,2025-01-16 11:00:00
XRP/USDT,LONG,2.971,3.3504121604508037,110.01745924589389,TP2_20%,2025-01-16 13:00:00
BNB/USDT,LONG,705.33,723.3176752482887,15.771175882867984,TP1_10%,2025-01-17 10:00:00
BNB/USDT,LONG,705.33,707.1287675248288,3.8698672063329305,BE_STOP,2025-01-18 03:30:00
XRP/USDT,LONG,2.971,3.1434600729321835,171.00305823604015,BE_STOP,2025-01-18 05:15:00
ETH/USDT,SHORT,3301.9,3375.6505052769608,-147.93962377483746,STOP_LOSS,2025-01-19 14:15:00
BTC/USDT,LONG,103266.2,105979.38408721883,15.854767493921285,TP1_10%,2025-01-19 19:45:00
BTC/USDT,LONG,103266.2,103537.51840872188,4.250736615548534,BE_STOP,2025-01-19 22:00:00
BTC/USDT,LONG,104242.1,100696.02716725037,-71.40668124562491,STOP_LOSS,2025-01-20 17:30:00
XRP/USDT,LONG,3.0924,3.045301939307561,-115.78632224082999,STOP_LOSS,2025-01-26 23:15:00
BTC/USDT,LONG,101226.0,98786.80903883657,-115.93808679428837,STOP_LOSS,2025-01-27 06:45:00
BNB/USDT,SHORT,663.34,665.7133801446032,-66.85187822356035,STOP_LOSS,2025-01-27 14:45:00
ETH/USDT,SHORT,3143.99,3156.1529107963584,-70.40423371592563,STOP_LOSS,2025-01-27 21:00:00
ETH/USDT,SHORT,3179.61,3211.748249615227,-151.3515120083326,STOP_LOSS,2025-01-28 03:30:00
BNB/USDT,SHORT,681.69,673.1762298728884,14.576394823658086,TP1_10%,2025-01-28 12:30:00
BNB/USDT,SHORT,681.69,662.9597057203543,68.28657888775687,TP2_20%,2025-01-28 21:30:00
BNB/USDT,SHORT,681.69,673.1762298728884,100.1959604968959,BE_STOP,2025-01-29 03:45:00
XRP/USDT,LONG,3.0213,2.993262239791065,-114.87843475468418,STOP_LOSS,2025-01-29 19:15:00
XRP/USDT,LONG,2.9766,3.015333770943544,15.319703568527526,TP1_10%,2025-01-29 19:30:00
XRP/USDT,LONG,2.9766,2.9804733770943543,-1.1838899512623167,BE_STOP,2025-01-29 19:30:00
AVAX/USDT,SHORT,28.627,27.481149270024506,23.931761756098904,TP1_10%,2025-02-04 03:15:00
AVAX/USDT,SHORT,28.627,26.106128394053915,107.37997007093581,TP2_20%,2025-02-04 05:15:00
AVAX/USDT,SHORT,28.627,27.481149270024506,166.65557464931703,BE_STOP,2025-02-04 19:00:00
BTC/USDT,SHORT,98733.4,96235.29039316069,23.855328832848517,TP1_10%,2025-02-05 22:45:00
ETH/USDT,SHORT,2779.96,2844.402319810369,-72.28428367832656,STOP_LOSS,2025-02-06 05:30:00
BTC/USDT,SHORT,98733.4,98483.58903931607,8.400043918844595,BE_STOP,2025-02-06 09:00:00
XRP/USDT,SHORT,2.3698,2.4496511447946943,-70.2192402405532,STOP_LOSS,2025-02-07 13:45:00
SOL/USDT,SHORT,197.03,201.0284110771294,-108.10183409166808,STOP_LOSS,2025-02-07 13:45:00
BTC/USDT,SHORT,96149.9,97384.02428942658,-74.81497013048737,STOP_LOSS,2025-02-12 17:15:00
BNB/USDT,LONG,640.71,684.5358032977967,24.40274569489597,TP1_10%,2025-02-12 18:45:00
AVAX/USDT,SHORT,25.728,26.440115125962556,-70.61097875502583,STOP_LOSS,2025-02-12 21:45:00
XRP/USDT,SHORT,2.4551,2.491413629434857,-108.90428952641878,STOP_LOSS,2025-02-13 21:15:00
ETH/USDT,LONG,2719.51,2674.807983945353,-71.64510517436798,STOP_LOSS,2025-02-15 14:30:00
BNB/USDT,LONG,640.71,645.0925803297797,12.25298951637308,BE_STOP,2025-02-18 07:00:00
BNB/USDT,SHORT,652.46,663.6499539678945,-70.38896215966282,STOP_LOSS,2025-02-19 13:30:00
XRP/USDT,SHORT,2.6037,2.622967778555316,-77.38373133002294,STOP_LOSS,2025-02-19 14:30:00
AVAX/USDT,SHORT,23.877,24.32908808490035,-70.57581740239532,STOP_LOSS,2025-02-20 04:15:00
BTC/USDT,SHORT,97006.7,98868.94702977764,-74.15709093613624,STOP_LOSS,2025-02-21 09:15:00
BNB/USDT,SHORT,658.84,667.7083750720562,-74.33862246641388,STOP_LOSS,2025-02-21 14:15:00
BNB/USDT,LONG,652.89,644.7869896044642,-70.28536464589585,STOP_LOSS,2025-02-21 17:30:00
BTC/USDT,SHORT,95734.7,96021.90409999999,-55.3334879627921,STOP_LOSS,2025-02-23 23:00:00
ETH/USDT,SHORT,2680.65,2533.741279305844,15.22586533194067,TP1_10%,2025-02-24 22:00:00
ETH/USDT,SHORT,2680.65,2357.450814472857,67.96430308564537,TP2_20%,2025-02-25 07:15:00
AVAX/USDT,SHORT,22.307,21.345070324600865,15.246844948845283,TP1_10%,2025-02-26 18:30:00
AVAX/USDT,SHORT,22.307,22.210807032460085,9.581110625034244,BE_STOP,2025-02-26 22:00:00
AVAX/USDT,SHORT,22.303,22.69572430983744,-68.17442502997685,STOP_LOSS,2025-02-27 06:15:00
SOL/USDT,SHORT,136.29,141.36487551124668,-65.69897291381756,STOP_LOSS,2025-02-27 06:30:00
ETH/USDT,SHORT,2680.65,2093.015117223376,433.3175065929002,TP3_FULL,2025-02-28 04:00:00
XRP/USDT,SHORT,2.1476,2.2185804550838237,-102.26033132037273,STOP_LOSS,2025-03-02 02:00:00
ETH/USDT,SHORT,2222.52,2245.129475309168,-111.2723428302841,STOP_LOSS,2025-03-02 09:30:00
BTC/USDT,SHORT,85190.1,88110.17523642383,-67.5755384001317,STOP_LOSS,2025-03-02 15:30:00
BNB/USDT,SHORT,565.83,581.3685829706786,-66.7006315746691,STOP_LOSS,2025-03-04 19:00:00
ETH/USDT,SHORT,2106.89,2181.8209335308834,-65.91404831215269,STOP_LOSS,2025-03-04 20:15:00
AVAX/USDT,LONG,21.683,21.331387493642207,-67.8966477481692,STOP_LOSS,2025-03-06 14:30:00
XRP/USDT,LONG,2.5481,2.484502255369891,-65.64699472736304,STOP_LOSS,2025-03-07 00:15:00
BTC/USDT,SHORT,90165.1,86206.99106962924,22.598001592831213,TP1_10%,2025-03-07 00:30:00
SOL/USDT,SHORT,143.98,145.77326588165803,-68.99722367974726,STOP_LOSS,2025-03-07 09:30:00
BTC/USDT,SHORT,90165.1,89769.28910696293,13.834443564811142,BE_STOP,2025-03-07 13:00:00
ETH/USDT,SHORT,2189.39,2225.0879573727725,-67.35200725118179,STOP_LOSS,2025-03-07 13:30:00
SOL/USDT,SHORT,145.88,150.7682802914919,-95.97126714238846,STOP_LOSS,2025-03-07 19:00:00
SOL/USDT,SHORT,149.14,137.36219786396146,22.44635344967535,TP1_10%,2025-03-07 23:15:00
AVAX/USDT,SHORT,20.655,19.199691129037078,14.894206976336184,TP1_10%,2025-03-09 15:45:00
ETH/USDT,SHORT,2127.79,2111.831575000001,7.4582394688579425,TP1_10%,2025-03-10 09:30:00
ETH/USDT,SHORT,2127.79,2126.1941575,-7.140651195501542,BE_STOP,2025-03-10 09:30:00
ETH/USDT,SHORT,2111.69,2132.5629339429925,-69.77633579980137,STOP_LOSS,2025-03-10 11:45:00
BNB/USDT,SHORT,568.69,559.322770195043,13.982941984784791,TP1_10%,2025-03-10 13:45:00
SOL/USDT,SHORT,149.14,123.22883530071522,99.27287242628041,TP2_20%,2025-03-10 14:00:00
BNB/USDT,SHORT,568.69,548.0820944290942,64.63986244622585,TP2_20%,2025-03-10 14:15:00
AVAX/USDT,SHORT,20.655,17.45332048388157,66.28780090781676,TP2_20%,2025-03-10 14:45:00
BNB/USDT,SHORT,568.69,531.2210807801714,418.12896437398894,TP3_FULL,2025-03-10 18:45:00
ETH/USDT,SHORT,1892.31,1914.3934769372543,-71.77274659787263,STOP_LOSS,2025-03-11 08:00:00
BTC/USDT,SHORT,79584.3,81447.53425104426,-68.1929585813484,STOP_LOSS,2025-03-11 08:45:00
BTC/USDT,SHORT,81083.8,81327.0514,-55.77018819799375,STOP_LOSS,2025-03-11 09:00:00
XRP/USDT,SHORT,2.1466,2.1617318896614774,-106.63436089334591,STOP_LOSS,2025-03-11 11:30:00
BNB/USDT,SHORT,563.26,545.4155020188894,22.62124831366093,TP1_10%,2025-03-11 12:30:00
BNB/USDT,SHORT,563.26,561.475550201889,9.87821004325166,BE_STOP,2025-03-12 12:30:00
BTC/USDT,SHORT,81411.0,84003.37778467425,-98.75648212803893,STOP_LOSS,2025-03-12 12:30:00
AVAX/USDT,SHORT,20.655,19.199691129037078,102.59268600908918,BE_STOP,2025-03-13 09:45:00
BTC/USDT,SHORT,81458.0,82654.83036452634,-103.74181456216415,STOP_LOSS,2025-03-14 09:00:00
BTC/USDT,SHORT,84115.6,84551.81093045043,-79.03021051105878,STOP_LOSS,2025-03-16 16:15:00
BTC/USDT,SHORT,84319.5,83687.10375000001,7.546183810853298,TP1_10%,2025-03-16 16:45:00
BTC/USDT,SHORT,84319.5,82928.22825000004,37.35622094652907,TP2_20%,2025-03-16 19:00:00
BTC/USDT,SHORT,84319.5,83687.10375000001,52.82328667597309,BE_STOP,2025-03-16 19:00:00
BTC/USDT,SHORT,83319.2,84469.86819649432,-102.97122269904813,STOP_LOSS,2025-03-17 18:45:00
XRP/USDT,SHORT,2.313,2.35389738115411,-100.06352586095795,STOP_LOSS,2025-03-19 13:00:00
ETH/USDT,LONG,2027.5,1985.484607876202,-131.92462064809018,STOP_LOSS,2025-03-20 10:15:00
AVAX/USDT,SHORT,19.427,20.138981252440352,-95.69922929247045,STOP_LOSS,2025-03-24 00:30:00
SOL/USDT,SHORT,149.14,137.36219786396146,147.2063709679464,BE_STOP,2025-03-24 03:00:00
BTC/USDT,LONG,87250.0,86988.25,-53.54192023425699,STOP_LOSS,2025-03-25 01:30:00
XRP/USDT,LONG,2.4339,2.407136892266084,-68.5797317013544,STOP_LOSS,2025-03-25 04:00:00
XRP/USDT,LONG,2.4177,2.444530623464058,11.678460774575795,TP1_10%,2025-03-25 10:30:00
XRP/USDT,LONG,2.4177,2.4767273716209277,55.193756453610234,TP2_20%,2025-03-25 17:45:00
XRP/USDT,LONG,2.4177,2.444530623464058,80.90556392461481,BE_STOP,2025-03-25 17:45:00
AVAX/USDT,LONG,22.822,22.345753514544768,-65.34248621739216,STOP_LOSS,2025-03-26 13:45:00
XRP/USDT,LONG,2.4377,2.4070340021266365,-68.71619253767466,STOP_LOSS,2025-03-26 14:15:00
BNB/USDT,SHORT,625.18,632.7242460461568,-68.76088225948823,STOP_LOSS,2025-03-27 06:30:00
BNB/USDT,LONG,627.03,633.3517464996785,10.40761624219138,TP1_10%,2025-03-27 13:45:00
BNB/USDT,LONG,627.03,640.9378422992927,49.82459261520404,TP2_20%,2025-03-27 19:30:00
BNB/USDT,LONG,627.03,633.3517464996785,72.01350512251426,BE_STOP,2025-03-28 00:30:00
BNB/USDT,LONG,630.61,624.7841692607076,-105.6782756535968,STOP_LOSS,2025-03-28 14:00:00
BNB/USDT,LONG,619.11,614.5586536435833,-105.1639051979465,STOP_LOSS,2025-03-29 02:30:00
BNB/USDT,SHORT,605.37,611.2486666911255,-68.22653702889484,STOP_LOSS,2025-03-30 02:45:00
BNB/USDT,SHORT,598.97,605.7992916763936,-66.56917417108906,STOP_LOSS,2025-03-31 14:30:00
ETH/USDT,SHORT,1839.62,1869.8488242131134,-64.69761013146237,STOP_LOSS,2025-04-01 08:15:00
BTC/USDT,SHORT,82771.8,84154.46282981988,-64.96901215354184,STOP_LOSS,2025-04-01 08:45:00
SOL/USDT,SHORT,126.15,130.812378696219,-60.51911775644416,STOP_LOSS,2025-04-02 15:30:00
SOL/USDT,SHORT,130.35,130.9421743978814,-68.9376502839872,STOP_LOSS,2025-04-02 16:00:00
BNB/USDT,SHORT,601.78,572.0860038836742,20.52921413463829,TP1_10%,2025-04-06 17:15:00
BTC/USDT,SHORT,85837.5,78938.29612868423,20.9519057649126,TP1_10%,2025-04-06 18:45:00
BNB/USDT,SHORT,601.78,536.4532085440832,92.78093427736333,TP2_20%,2025-04-07 06:15:00
SOL/USDT,SHORT,108.06,106.29417039585908,13.335387588525796,TP1_10%,2025-04-07 14:15:00
SOL/USDT,SHORT,108.06,107.88341703958591,1.8883604554616422,BE_STOP,2025-04-07 14:15:00
XRP/USDT,SHORT,1.9348,1.9759271117147676,-62.175303523479755,STOP_LOSS,2025-04-07 14:15:00
SOL/USDT,SHORT,105.02,108.99373671010947,-90.60392351847656,STOP_LOSS,2025-04-07 22:15:00
BNB/USDT,SHORT,601.78,572.0860038836742,140.9455578468939,BE_STOP,2025-04-09 17:15:00
BTC/USDT,SHORT,85837.5,85147.57961286843,9.057114247712795,BE_STOP,2025-04-12 14:30:00
BTC/USDT,LONG,83490.1,83068.49178702176,-74.49534928091032,STOP_LOSS,2025-04-13 21:00:00
BNB/USDT,SHORT,591.54,583.306243669897,13.048315226952639,TP1_10%,2025-04-14 16:45:00
BNB/USDT,SHORT,591.54,590.7166243669897,-1.941232047100162,BE_STOP,2025-04-15 09:15:00
AVAX/USDT,LONG,20.148,19.66712188149857,-61.6577274519266,STOP_LOSS,2025-04-15 14:15:00
BNB/USDT,SHORT,581.81,584.0787464100165,-61.22130276578267,STOP_LOSS,2025-04-16 14:45:00
ETH/USDT,SHORT,1600.79,1607.4483249012926,-63.88420748234398,STOP_LOSS,2025-04-17 06:15:00
SOL/USDT,LONG,131.67,138.47865006615987,20.654516412583398,TP1_10%,2025-04-19 03:15:00
BTC/USDT,LONG,85146.3,84772.77343421298,-66.17812033279856,STOP_LOSS,2025-04-19 16:45:00
AVAX/USDT,LONG,19.665,19.58260605783448,-63.555874905384,STOP_LOSS,2025-04-20 07:15:00
AVAX/USDT,LONG,19.641,19.579705625132014,-51.11488420407673,STOP_LOSS,2025-04-20 10:30:00
BNB/USDT,LONG,598.73,596.93381,-49.52524947015162,STOP_LOSS,2025-04-21 17:00:00
ETH/USDT,SHORT,1622.11,1645.9519654264518,-92.1550720575843,STOP_LOSS,2025-04-22 13:30:00
SOL/USDT,LONG,131.67,146.64903014555173,91.7578404010798,TP2_20%,2025-04-22 16:00:00
XRP/USDT,SHORT,2.1592,2.238626721222899,-64.0153705661094,STOP_LOSS,2025-04-22 21:45:00
AVAX/USDT,LONG,21.968,22.469056973488048,13.068939324364255,TP1_10%,2025-04-23 17:00:00
XRP/USDT,LONG,2.2009,2.24535412477395,12.958406602751992,TP1_10%,2025-04-23 18:00:00
XRP/USDT,LONG,2.2009,2.205345412477395,3.8395152545046054,BE_STOP,2025-04-23 19:15:00
AVAX/USDT,LONG,21.968,22.018105697348805,4.284489459894568,BE_STOP,2025-04-24 02:45:00
AVAX/USDT,LONG,21.771,21.263395365192896,-90.2753552475369,STOP_LOSS,2025-04-28 01:15:00
XRP/USDT,LONG,2.2545,2.207930746528129,-60.51734328172335,STOP_LOSS,2025-04-30 07:45:00
BNB/USDT,LONG,604.07,595.9897091063591,-95.56190316638708,STOP_LOSS,2025-04-30 13:30:00
ETH/USDT,LONG,1846.42,1818.995609307296,-60.15828321326216,STOP_LOSS,2025-05-02 07:00:00
BTC/USDT,LONG,96660.0,95644.30018425034,-96.78395312875791,STOP_LOSS,2025-05-04 01:30:00
XRP/USDT,SHORT,2.183,2.2171790969992187,-59.621393105301124,STOP_LOSS,2025-05-04 02:00:00
BNB/USDT,SHORT,599.64,589.8272532773367,11.941679948796914,TP1_10%,2025-05-04 13:15:00
XRP/USDT,SHORT,2.186,2.1072604356379294,12.901001017713957,TP1_10%,2025-05-05 15:45:00
BNB/USDT,SHORT,599.64,598.6587253277337,-4.952271093590017,BE_STOP,2025-05-05 16:15:00
BNB/USDT,SHORT,599.5,595.0037500000001,6.448616896359178,TP1_10%,2025-05-06 10:00:00
BNB/USDT,SHORT,599.5,599.050375,-8.209724747898342,BE_STOP,2025-05-06 17:15:00
AVAX/USDT,SHORT,19.78,20.065900525216442,-59.672503389039456,STOP_LOSS,2025-05-06 23:30:00
XRP/USDT,SHORT,2.186,2.178126043563793,4.707059861610338,BE_STOP,2025-05-08 03:30:00
BNB/USDT,LONG,600.0,610.1146414278489,16.384648261554258,TP1_10%,2025-05-08 03:30:00
ETH/USDT,LONG,1795.0,1875.3875591673136,12.889725745235669,TP1_10%,2025-05-08 03:30:00
ETH/USDT,LONG,1795.0,1971.85263016809,57.728023886770266,TP2_20%,2025-05-08 12:15:00
SOL/USDT,LONG,131.67,158.90460026463953,576.8769837740356,TP3_FULL,2025-05-08 15:15:00
BNB/USDT,LONG,600.0,622.2522111412675,75.72258652038886,TP2_20%,2025-05-08 15:15:00
BTC/USDT,LONG,99252.3,100930.83777839519,16.69127913857382,TP1_10%,2025-05-08 15:15:00
ETH/USDT,LONG,1795.0,2116.5502366692544,369.8823918350613,TP3_FULL,2025-05-08 19:45:00
BTC/USDT,LONG,99252.3,102945.08311246941,77.05986929626309,TP2_20%,2025-05-08 21:15:00
BNB/USDT,LONG,600.0,640.4585657113955,490.1601350249261,TP3_FULL,2025-05-09 08:30:00
ETH/USDT,LONG,2520.09,2455.728994273116,-97.83505064528482,STOP_LOSS,2025-05-11 07:30:00
ETH/USDT,LONG,2529.57,2478.0228351979777,-98.34002671025,STOP_LOSS,2025-05-12 15:00:00
BTC/USDT,LONG,99252.3,100930.83777839519,107.79335125367105,BE_STOP,2025-05-12 18:45:00
BNB/USDT,LONG,656.42,649.9900392255853,-137.47020333851205,STOP_LOSS,2025-05-13 02:00:00
AVAX/USDT,LONG,23.568,24.623152527123885,22.051316356826177,TP1_10%,2025-05-13 09:45:00
XRP/USDT,LONG,2.4565,2.589644459832816,29.454929812474,TP1_10%,2025-05-13 19:30:00
AVAX/USDT,LONG,23.568,25.889335559672546,98.63362341740287,TP2_20%,2025-05-13 19:30:00
AVAX/USDT,LONG,23.568,24.623152527123885,152.5783885275975,BE_STOP,2025-05-15 01:30:00
XRP/USDT,LONG,2.4565,2.469814445983282,17.229635310705657,BE_STOP,2025-05-15 07:15:00
SOL/USDT,LONG,174.75,171.41035289615178,-99.42000444898646,STOP_LOSS,2025-05-15 07:15:00
ETH/USDT,LONG,2567.83,2515.386524526208,-66.270974812278,STOP_LOSS,2025-05-15 07:45:00
ETH/USDT,LONG,2502.75,2462.4366178325918,-100.23083975686372,STOP_LOSS,2025-05-17 01:45:00
ETH/USDT,LONG,2456.2,2474.6214999999993,7.437510002673933,TP1_10%,2025-05-17 02:15:00
ETH/USDT,LONG,2456.2,2458.0421499999998,-7.1446040855503705,BE_STOP,2025-05-17 02:15:00
ETH/USDT,LONG,2481.9,2461.083016970491,-107.82990098588913,STOP_LOSS,2025-05-17 13:00:00
BNB/USDT,LONG,639.53,653.4347271863921,21.14283851006346,TP1_10%,2025-05-18 15:30:00
BTC/USDT,LONG,103410.9,105807.45089564999,14.058817807921029,TP1_10%,2025-05-18 16:45:00
BNB/USDT,LONG,639.53,640.9204727186392,2.603952273487118,BE_STOP,2025-05-18 19:30:00
BTC/USDT,LONG,103410.9,103650.555089565,3.0560731588192342,BE_STOP,2025-05-18 20:00:00
BTC/USDT,LONG,103610.1,106779.43211109104,14.465636045735362,TP1_10%,2025-05-19 00:00:00
BTC/USDT,LONG,103610.1,103927.03321110911,7.395015881654664,BE_STOP,2025-05-19 03:30:00
BTC/USDT,LONG,103625.1,102303.96201517014,-101.13698619428021,STOP_LOSS,2025-05-19 06:30:00
BTC/USDT,LONG,102377.0,105713.86122322346,14.367333875216925,TP1_10%,2025-05-19 20:00:00
BTC/USDT,LONG,102377.0,109718.09469109161,64.32603559461336,TP2_20%,2025-05-21 16:45:00
ETH/USDT,LONG,2544.57,2484.557099074223,-97.90205758526429,STOP_LOSS,2025-05-25 00:30:00
XRP/USDT,SHORT,2.3037,2.314356416555733,-72.57724650190106,STOP_LOSS,2025-05-27 08:45:00
ETH/USDT,LONG,2542.92,2649.3155458528813,14.461513348656604,TP1_10%,2025-05-27 11:30:00
ETH/USDT,LONG,2542.92,2776.990200876339,64.65204798484284,TP2_20%,2025-05-29 02:30:00
ETH/USDT,LONG,2542.92,2649.3155458528813,99.72008821060822,BE_STOP,2025-05-29 14:00:00
BNB/USDT,LONG,683.27,678.6696081403279,-75.87111172619528,STOP_LOSS,2025-05-29 14:15:00
BTC/USDT,LONG,102377.0,105713.86122322346,90.8608798695031,BE_STOP,2025-05-29 19:00:00
XRP/USDT,SHORT,2.2938,2.242024399407457,14.065677259239946,TP1_10%,2025-05-29 23:45:00
XRP/USDT,SHORT,2.2938,2.1798936786964056,64.29020210235566,TP2_20%,2025-05-30 00:45:00
BNB/USDT,SHORT,677.01,651.9180225103944,21.76878893762861,TP1_10%,2025-05-31 00:00:00
XRP/USDT,SHORT,2.2938,2.0866975976298283,412.9820399367149,TP3_FULL,2025-05-31 03:00:00
XRP/USDT,SHORT,2.1952,2.2017855999999996,-55.784884127659296,STOP_LOSS,2025-05-31 19:00:00
XRP/USDT,SHORT,2.198,2.1815150000000005,7.70271901320239,TP1_10%,2025-05-31 22:30:00
XRP/USDT,SHORT,2.198,2.1617330000000012,38.131124361478776,TP2_20%,2025-06-01 01:45:00
XRP/USDT,SHORT,2.198,2.1320600000000023,251.88563004444157,TP3_FULL,2025-06-01 09:15:00
ETH/USDT,LONG,2615.22,2592.8192020560346,-112.62005585646273,STOP_LOSS,2025-06-03 21:45:00
XRP/USDT,SHORT,2.1547,2.177425950592957,-145.09865880997674,STOP_LOSS,2025-06-06 13:45:00
XRP/USDT,SHORT,2.1683,2.1779179931046415,-73.89950852408397,STOP_LOSS,2025-06-06 14:00:00
BTC/USDT,LONG,106130.0,105404.90522842207,-76.68185905786846,STOP_LOSS,2025-06-09 01:45:00
BTC/USDT,LONG,105394.0,106576.62348255562,12.272258464778652,TP1_10%,2025-06-09 09:30:00
BTC/USDT,LONG,105394.0,107995.77166162233,57.94982348177442,TP2_20%,2025-06-09 16:45:00
BTC/USDT,LONG,105394.0,110124.49393022244,378.63995050398,TP3_FULL,2025-06-09 21:15:00
BNB/USDT,SHORT,677.01,674.5008022510394,-7.147825311614133,BE_STOP,2025-06-10 23:15:00
AVAX/USDT,LONG,21.837,21.43309553227452,-104.38979073232265,STOP_LOSS,2025-06-11 21:45:00
ETH/USDT,LONG,2781.0,2743.0174780373154,-106.1310416490613,STOP_LOSS,2025-06-11 22:15:00
XRP/USDT,LONG,2.2715,2.231854845089451,-107.6703847680616,STOP_LOSS,2025-06-12 07:30:00
ETH/USDT,LONG,2758.09,2742.1725703485017,-80.19395529546101,STOP_LOSS,2025-06-12 07:30:00
BTC/USDT,SHORT,106939.2,107914.5361339092,-72.4220499578179,STOP_LOSS,2025-06-12 17:15:00
BTC/USDT,SHORT,108239.7,106490.81486679088,18.426886698112014,TP1_10%,2025-06-12 20:00:00
BTC/USDT,SHORT,108239.7,104392.15270693995,85.27053183738583,TP2_20%,2025-06-13 00:00:00
XRP/USDT,SHORT,2.1548,2.1735453236430717,-73.06997568400038,STOP_LOSS,2025-06-16 01:45:00
BTC/USDT,SHORT,108239.7,106490.81486679088,120.2543936249237,BE_STOP,2025-06-16 05:15:00
BTC/USDT,LONG,107645.6,107322.66320000001,-55.53561657769028,STOP_LOSS,2025-06-16 23:30:00
BTC/USDT,LONG,106112.2,105496.35062824284,-90.51615204208618,STOP_LOSS,2025-06-17 11:15:00
XRP/USDT,LONG,2.2354,2.1850991554678285,-100.51123136159963,STOP_LOSS,2025-06-17 15:00:00
BNB/USDT,LONG,652.36,641.4204696387201,-103.22233631916747,STOP_LOSS,2025-06-17 16:45:00
XRP/USDT,SHORT,2.1368,2.16685732808173,-67.97921908382651,STOP_LOSS,2025-06-18 20:45:00
AVAX/USDT,SHORT,18.781,17.922931950689318,14.787147864432635,TP1_10%,2025-06-19 02:15:00
AVAX/USDT,SHORT,18.781,16.893250291516495,65.8965279689288,TP2_20%,2025-06-21 17:30:00
BTC/USDT,SHORT,103767.3,101598.5443993929,14.194961213033867,TP1_10%,2025-06-21 21:15:00
BTC/USDT,SHORT,103767.3,98996.03767866436,64.797479719385,TP2_20%,2025-06-22 15:45:00
BTC/USDT,SHORT,103767.3,101598.5443993929,97.31753440695559,BE_STOP,2025-06-23 05:45:00
BTC/USDT,SHORT,102306.1,100633.15609975652,18.6553305622515,TP1_10%,2025-06-23 16:15:00
BTC/USDT,SHORT,102306.1,102138.80560997565,2.6522342246250545,BE_STOP,2025-06-23 17:15:00
XRP/USDT,SHORT,2.0288,2.043776506414136,-109.73614873514546,STOP_LOSS,2025-06-23 18:00:00
BTC/USDT,SHORT,102326.0,103086.98670369187,-110.42263602636466,STOP_LOSS,2025-06-23 18:15:00
BNB/USDT,SHORT,629.61,632.8774688593903,-80.88754799265527,STOP_LOSS,2025-06-23 20:15:00
BTC/USDT,SHORT,103008.3,103945.81482439983,-106.22886431949358,STOP_LOSS,2025-06-23 21:15:00
AVAX/USDT,SHORT,18.781,17.922931950689318,99.98289297967263,BE_STOP,2025-06-23 22:00:00
XRP/USDT,SHORT,2.1326,2.1513400950515265,-105.97639127357606,STOP_LOSS,2025-06-28 01:30:00
AVAX/USDT,SHORT,18.031,18.68830283791975,-65.4586269654663,STOP_LOSS,2025-06-29 22:15:00
SOL/USDT,LONG,151.12,150.4397656018655,-70.8340547991693,STOP_LOSS,2025-06-30 06:45:00
BTC/USDT,LONG,107504.5,107181.9865,-52.50535477674502,STOP_LOSS,2025-06-30 14:00:00
XRP/USDT,SHORT,2.1887,2.235192100500561,-100.00557503949295,STOP_LOSS,2025-06-30 18:45:00
SOL/USDT,SHORT,147.15,148.54421352497255,-67.68006686170774,STOP_LOSS,2025-07-02 03:00:00
XRP/USDT,SHORT,2.1746,2.207405816036737,-97.24787308844392,STOP_LOSS,2025-07-02 15:15:00
ETH/USDT,LONG,2576.05,2550.9046335497874,-66.99498755822329,STOP_LOSS,2025-07-04 06:00:00
BTC/USDT,LONG,109119.9,108435.90979801402,-92.55032194197888,STOP_LOSS,2025-07-04 13:30:00
BNB/USDT,LONG,656.95,654.9589313982898,-51.17000473807625,STOP_LOSS,2025-07-04 14:00:00
ETH/USDT,LONG,2552.0,2518.95013266532,-64.06165148295783,STOP_LOSS,2025-07-07 16:15:00
AVAX/USDT,LONG,18.27,17.940034619076062,-61.75143879977867,STOP_LOSS,2025-07-07 16:15:00
ETH/USDT,LONG,2530.24,2645.3165761470427,13.537806089580632,TP1_10%,2025-07-09 05:30:00
SOL/USDT,SHORT,150.35,154.27600573237856,-60.56885099884442,STOP_LOSS,2025-07-09 11:45:00
BNB/USDT,LONG,658.47,664.6466270210719,8.433900902794978,TP1_10%,2025-07-09 18:15:00
BTC/USDT,LONG,107913.0,109887.24615232984,12.070267382785694,TP1_10%,2025-07-09 19:15:00
ETH/USDT,LONG,2530.24,2783.4084675234935,60.78215038210469,TP2_20%,2025-07-09 19:45:00
BNB/USDT,LONG,658.47,672.0585794463584,42.02932191952427,TP2_20%,2025-07-10 04:30:00
BTC/USDT,LONG,107913.0,112256.34153512563,58.03645645949098,TP2_20%,2025-07-10 16:15:00
XRP/USDT,LONG,2.426,2.4628329065634764,15.646369259887104,TP1_10%,2025-07-10 16:15:00
XRP/USDT,LONG,2.426,2.5070323944396486,72.66133772147707,TP2_20%,2025-07-10 18:15:00
BTC/USDT,LONG,107913.0,115809.98460931933,382.17267257176104,TP3_FULL,2025-07-10 21:15:00
BNB/USDT,LONG,658.47,683.1765080842879,278.80564050879724,TP3_FULL,2025-07-10 21:15:00
ETH/USDT,LONG,2530.24,2990.5463045881706,389.6968519028202,TP3_FULL,2025-07-10 21:45:00
XRP/USDT,LONG,2.426,2.573331626253906,470.7045542970291,TP3_FULL,2025-07-11 02:15:00
SOL/USDT,LONG,160.09,157.68896284745918,-72.04785642891964,STOP_LOSS,2025-07-12 15:45:00
ETH/USDT,LONG,2959.07,3012.9855149851546,14.940128592050044,TP1_10%,2025-07-14 02:45:00
ETH/USDT,LONG,2959.07,3077.6841329673407,68.54545023094417,TP2_20%,2025-07-14 10:30:00
ETH/USDT,LONG,2959.07,3012.9855149851546,103.33645767716897,BE_STOP,2025-07-14 15:00:00
BNB/USDT,LONG,690.51,688.4384699999999,-57.80401235484456,STOP_LOSS,2025-07-14 19:00:00
BTC/USDT,LONG,120026.5,118627.50906987711,-148.25825266566915,STOP_LOSS,2025-07-15 01:45:00
ETH/USDT,LONG,3000.61,2953.5159871452056,-71.21925942528426,STOP_LOSS,2025-07-15 02:15:00
ETH/USDT,LONG,2961.75,2936.037369650358,-111.99067901600263,STOP_LOSS,2025-07-15 03:00:00
AVAX/USDT,LONG,22.509,24.51730302313917,23.495482640919466,TP1_10%,2025-07-18 01:15:00
BNB/USDT,LONG,714.68,735.2295616453966,15.099986526189031,TP1_10%,2025-07-18 03:30:00
SOL/USDT,LONG,172.36,183.14374329380084,23.324184205195593,TP1_10%,2025-07-18 05:00:00
BNB/USDT,LONG,714.68,759.8890356198729,68.21423184746966,TP2_20%,2025-07-18 13:00:00
BNB/USDT,LONG,714.68,735.2295616453966,104.92365331296924,BE_STOP,2025-07-18 15:15:00
BNB/USDT,LONG,734.51,724.5716215549584,-107.43176011696524,STOP_LOSS,2025-07-18 20:15:00
SOL/USDT,LONG,172.36,173.4383743293801,15.659666245759983,BE_STOP,2025-07-18 20:30:00
SOL/USDT,LONG,175.0,176.51703668399256,9.367128876794807,TP1_10%,2025-07-19 15:15:00
SOL/USDT,LONG,175.0,178.33748070478367,45.54894783401236,TP2_20%,2025-07-19 20:45:00
SOL/USDT,LONG,175.0,176.51703668399256,65.56990213756363,BE_STOP,2025-07-19 21:00:00
SOL/USDT,LONG,177.17,183.90145165495704,15.575905928290972,TP1_10%,2025-07-21 02:45:00
BNB/USDT,LONG,722.61,765.2990500213449,23.30636227469078,TP1_10%,2025-07-21 06:15:00
SOL/USDT,LONG,177.17,191.97919364090546,70.0929595130525,TP2_20%,2025-07-21 08:30:00
XRP/USDT,LONG,3.5467,3.5208501468442823,-78.19671954373119,STOP_LOSS,2025-07-21 21:00:00
XRP/USDT,LONG,3.4981,3.4619240803581754,-111.04639484417596,STOP_LOSS,2025-07-22 01:15:00
SOL/USDT,LONG,177.17,204.09580661982815,449.6164822009462,TP3_FULL,2025-07-22 02:15:00
XRP/USDT,LONG,3.5168,3.460633074618306,-105.47124395216646,STOP_LOSS,2025-07-22 04:45:00
SOL/USDT,LONG,187.18,184.75813252235895,-110.3232351694784,STOP_LOSS,2025-07-23 20:30:00
SOL/USDT,LONG,186.46,184.86226431567613,-114.85805348784416,STOP_LOSS,2025-07-23 21:15:00
SOL/USDT,LONG,185.3,186.68975000000003,7.957758973485269,TP1_10%,2025-07-23 21:30:00
SOL/USDT,LONG,185.3,185.43897500000003,-7.644364478613792,BE_STOP,2025-07-23 21:30:00
XRP/USDT,SHORT,3.2178,3.0677433394756433,15.842756612792776,TP1_10%,2025-07-24 05:15:00
AVAX/USDT,LONG,22.509,22.709830302313918,13.547272523242867,BE_STOP,2025-07-24 06:45:00
XRP/USDT,SHORT,3.2178,3.202794333947564,9.974569256646404,BE_STOP,2025-07-24 14:30:00
BTC/USDT,LONG,117968.9,116309.44169611513,-109.24324896163118,STOP_LOSS,2025-07-25 02:45:00
BNB/USDT,LONG,722.61,816.5259100469588,103.05558984711168,TP2_20%,2025-07-27 15:45:00
AVAX/USDT,LONG,25.566,25.19894125479372,-107.68138257635303,STOP_LOSS,2025-07-28 20:45:00
AVAX/USDT,LONG,25.02,24.751270060110002,-109.99271263645694,STOP_LOSS,2025-07-29 00:30:00
ETH/USDT,LONG,3688.71,3627.1302450845856,-69.71533204955851,STOP_LOSS,2025-08-01 00:45:00
BNB/USDT,LONG,722.61,765.2990500213449,153.68851667387682,BE_STOP,2025-08-01 08:00:00
ETH/USDT,LONG,3680.01,3596.625109282117,-67.9245930621308,STOP_LOSS,2025-08-01 08:00:00
AVAX/USDT,SHORT,21.817,22.10808895433489,-107.59968589701518,STOP_LOSS,2025-08-04 13:45:00
SOL/USDT,LONG,168.14,173.10752316851568,15.208010864239267,TP1_10%,2025-08-07 20:45:00
XRP/USDT,LONG,3.0365,3.16599946762711,23.160933862517016,TP1_10%,2025-08-07 21:15:00
BNB/USDT,LONG,766.35,786.9875132894683,15.01586214802792,TP1_10%,2025-08-07 22:45:00
XRP/USDT,LONG,3.0365,3.321398828779642,103.79614813512617,TP2_20%,2025-08-07 22:45:00
SOL/USDT,LONG,168.14,179.06855097073452,68.40775137106012,TP2_20%,2025-08-08 17:45:00
BNB/USDT,LONG,766.35,811.7525292368305,67.8733033642853,TP2_20%,2025-08-09 09:30:00
XRP/USDT,LONG,3.0365,3.16599946762711,159.37314662504434,BE_STOP,2025-08-10 07:30:00
BTC/USDT,LONG,117120.8,121389.33586211757,22.7111863892723,TP1_10%,2025-08-11 02:15:00
SOL/USDT,LONG,168.14,188.01009267406278,436.0447090693149,TP3_FULL,2025-08-12 18:15:00
BNB/USDT,LONG,766.35,848.9000531578735,433.7331605560832,TP3_FULL,2025-08-13 07:00:00
SOL/USDT,LONG,196.45,202.0036484775574,50.31328079029168,TP1_10%,2025-08-13 19:45:00
SOL/USDT,LONG,196.45,208.66802665062627,227.29979516895557,TP2_20%,2025-08-14 03:15:00
SOL/USDT,LONG,196.45,202.0036484775574,349.5695783268705,BE_STOP,2025-08-14 10:30:00
XRP/USDT,LONG,3.249,3.2017469193878116,-157.80393044367588,STOP_LOSS,2025-08-14 10:30:00
BTC/USDT,LONG,117120.8,117547.65358621176,2.048837721223739,BE_STOP,2025-08-14 12:30:00
ETH/USDT,LONG,4641.11,4545.100007955505,-152.09028852270336,STOP_LOSS,2025-08-14 12:30:00
ETH/USDT,LONG,4583.46,4539.393914317345,-248.0867640484646,STOP_LOSS,2025-08-14 13:15:00
BNB/USDT,LONG,838.96,821.4299137380374,-312.21690505967234,STOP_LOSS,2025-08-15 15:15:00
AVAX/USDT,LONG,25.168,24.554612663518235,-220.09909594078636,STOP_LOSS,2025-08-18 02:00:00
BNB/USDT,LONG,834.41,831.9067699999999,-60.09848099394259,STOP_LOSS,2025-08-18 05:30:00
BNB/USDT,LONG,835.67,833.0327338222103,-61.953331967980645,STOP_LOSS,2025-08-18 06:00:00
AVAX/USDT,LONG,23.663,23.252947999153232,-110.88152910913496,STOP_LOSS,2025-08-19 03:30:00
XRP/USDT,SHORT,3.0226,2.8918697837356526,24.388016895972434,TP1_10%,2025-08-19 18:45:00
ETH/USDT,SHORT,4276.75,4087.769375974147,32.46440952285278,TP1_10%,2025-08-19 23:30:00
ETH/USDT,SHORT,4276.75,4257.851937597415,18.616591137886786,BE_STOP,2025-08-20 15:00:00
BTC/USDT,SHORT,115358.4,112120.74580721164,15.545853337502415,TP1_10%,2025-08-21 19:15:00
BTC/USDT,SHORT,115358.4,115034.63458072116,2.7382486286548184,BE_STOP,2025-08-22 14:00:00
XRP/USDT,SHORT,3.0226,3.0095269783735654,10.629024948807198,BE_STOP,2025-08-22 14:15:00
AVAX/USDT,SHORT,23.28,24.027381783001463,-71.58342928280754,STOP_LOSS,2025-08-22 14:15:00
SOL/USDT,LONG,204.68,209.97024400530717,31.81588370658036,TP1_10%,2025-08-24 18:00:00
AVAX/USDT,LONG,24.963,26.33035837719689,24.584162424714734,TP1_10%,2025-08-24 18:15:00
SOL/USDT,LONG,204.68,205.20902440053072,12.692699948106736,BE_STOP,2025-08-24 19:30:00
SOL/USDT,LONG,206.67,202.16005316105142,-107.9478543380781,STOP_LOSS,2025-08-24 20:00:00
SOL/USDT,LONG,202.45,203.96837499999998,8.182980787038641,TP1_10%,2025-08-24 20:15:00
SOL/USDT,LONG,202.45,202.6018375,-7.8607165492260425,BE_STOP,2025-08-24 20:15:00
AVAX/USDT,LONG,24.963,25.09973583771969,16.069246351647788,BE_STOP,2025-08-25 05:45:00
SOL/USDT,LONG,199.52,194.31577639342132,-106.54731813379951,STOP_LOSS,2025-08-25 19:15:00
XRP/USDT,SHORT,2.9178,2.973120719139142,-108.00408828908172,STOP_LOSS,2025-08-26 18:15:00
BNB/USDT,LONG,870.23,864.5708096101891,-80.33317278519453,STOP_LOSS,2025-08-28 16:45:00
ETH/USDT,SHORT,4390.26,4494.478133767338,-106.98530407395481,STOP_LOSS,2025-08-31 12:45:00
BNB/USDT,SHORT,865.61,847.0684938000425,22.87049021701799,TP1_10%,2025-09-01 15:45:00
BTC/USDT,SHORT,109187.9,109515.46369999998,-57.50758224593915,STOP_LOSS,2025-09-02 01:45:00
XRP/USDT,SHORT,2.7933,2.8328050434048455,-107.96036474994182,STOP_LOSS,2025-09-02 14:00:00
AVAX/USDT,SHORT,23.868,24.50759223795363,-68.71651784014526,STOP_LOSS,2025-09-03 00:00:00
BNB/USDT,SHORT,865.61,863.7558493800043,1.4744305581252597,BE_STOP,2025-09-03 14:45:00
AVAX/USDT,LONG,25.209,24.833927941080503,-70.14657131631527,STOP_LOSS,2025-09-04 05:00:00
ETH/USDT,LONG,4371.93,4331.184568611983,-111.04281108643043,STOP_LOSS,2025-09-04 14:00:00
BTC/USDT,SHORT,110278.9,111213.55322269912,-73.7408738566652,STOP_LOSS,2025-09-04 22:45:00
BNB/USDT,LONG,844.93,856.7342574799111,14.021210315566568,TP1_10%,2025-09-05 13:15:00
BNB/USDT,LONG,844.93,846.110425747991,-1.052276596363289,BE_STOP,2025-09-05 14:30:00
BTC/USDT,SHORT,110581.7,110962.17450038224,-60.96943625833072,STOP_LOSS,2025-09-07 08:15:00
XRP/USDT,SHORT,2.8334,2.8662822145554667,-105.36092339950406,STOP_LOSS,2025-09-07 14:00:00
SOL/USDT,LONG,205.57,222.36171984901182,15.400897803462339,TP1_10%,2025-09-10 07:30:00
BNB/USDT,LONG,879.01,903.9952511594355,14.479486586288921,TP1_10%,2025-09-10 13:15:00
XRP/USDT,LONG,2.962,3.0643408305309103,14.573664923438226,TP1_10%,2025-09-12 00:30:00
SOL/USDT,LONG,205.57,242.51178366782597,69.15350746913107,TP2_20%,2025-09-12 22:15:00
ETH/USDT,LONG,4413.23,4714.8908209727,22.717334296792195,TP1_10%,2025-09-12 22:15:00
BNB/USDT,LONG,879.01,933.9775525507581,65.3268031351642,TP2_20%,2025-09-13 09:30:00
BTC/USDT,LONG,115390.1,114794.75480711016,-85.09908312163363,STOP_LOSS,2025-09-15 01:00:00
XRP/USDT,LONG,2.962,2.9722340830530913,1.426652009519084,BE_STOP,2025-09-15 08:00:00
ETH/USDT,LONG,4413.23,4443.39608209727,12.083631145673785,BE_STOP,2025-09-16 13:45:00
BNB/USDT,LONG,879.01,978.951004637742,418.8100915814874,TP3_FULL,2025-09-17 20:45:00
AVAX/USDT,LONG,33.385,32.8798853406917,-71.24235518840702,STOP_LOSS,2025-09-20 11:15:00
BTC/USDT,LONG,115722.0,114481.0366328299,-117.78350601056137,STOP_LOSS,2025-09-22 00:45:00
SOL/USDT,LONG,205.57,222.36171984901182,102.83230170176466,BE_STOP,2025-09-22 06:00:00
AVAX/USDT,SHORT,31.051,31.9944868377825,-67.44031654395782,STOP_LOSS,2025-09-22 12:15:00
BNB/USDT,LONG,1018.46,995.1688116798944,-68.24836534180172,STOP_LOSS,2025-09-24 04:00:00
BTC/USDT,SHORT,112314.5,113127.32892456236,-112.05600726407359,STOP_LOSS,2025-09-24 13:30:00
BNB/USDT,LONG,1000.12,995.7056102975671,-73.43420947744092,STOP_LOSS,2025-09-25 04:00:00
SOL/USDT,SHORT,212.23,200.646034570893,15.481056506331186,TP1_10%,2025-09-25 11:15:00
BNB/USDT,LONG,991.0,974.4002470509375,-136.80489381709972,STOP_LOSS,2025-09-25 17:00:00
ETH/USDT,SHORT,3945.47,4035.1435896618405,-66.3637395445586,STOP_LOSS,2025-09-26 17:45:00
BTC/USDT,LONG,109266.9,110927.81087192308,13.933117789285982,TP1_10%,2025-09-28 22:00:00
ETH/USDT,LONG,4095.87,4083.58239,-54.491803817803444,STOP_LOSS,2025-09-29 13:00:00
BTC/USDT,LONG,109266.9,112920.90391823076,64.56258117531989,TP2_20%,2025-09-29 13:30:00
ETH/USDT,LONG,4103.0,4145.488827555394,11.038556833193676,TP1_10%,2025-09-29 13:30:00
ETH/USDT,LONG,4103.0,4107.248882755539,-4.054235158783758,BE_STOP,2025-09-29 13:30:00
SOL/USDT,SHORT,212.23,211.07160345708928,6.732641083681611,BE_STOP,2025-09-29 14:15:00
AVAX/USDT,LONG,29.521,29.233019714560825,-70.93566297818982,STOP_LOSS,2025-09-30 09:00:00
BNB/USDT,LONG,1009.04,1003.2669087115669,-76.77491014985232,STOP_LOSS,2025-09-30 14:15:00
BTC/USDT,LONG,109266.9,115910.54348769231,417.1999709767209,TP3_FULL,2025-10-01 08:45:00
SOL/USDT,SHORT,211.54,217.02030308102383,-100.00013281864699,STOP_LOSS,2025-10-01 08:45:00
BTC/USDT,LONG,119128.2,121049.31527415477,18.13959778252894,TP1_10%,2025-10-03 15:15:00
BTC/USDT,LONG,119128.2,123354.65360314047,84.94837636685942,TP2_20%,2025-10-03 16:15:00
SOL/USDT,LONG,233.32,229.43664279954322,-103.08783923647954,STOP_LOSS,2025-10-05 14:45:00
SOL/USDT,LONG,227.33,222.4274530254547,-102.62653974487843,STOP_LOSS,2025-10-07 15:00:00
BTC/USDT,LONG,119128.2,121049.31527415477,116.4068836347238,BE_STOP,2025-10-07 16:15:00
SOL/USDT,LONG,224.99,218.64129628628223,-66.51477595163718,STOP_LOSS,2025-10-09 15:30:00
AVAX/USDT,SHORT,28.505,27.85798589859806,21.95930402805037,TP1_10%,2025-10-10 14:45:00
ETH/USDT,SHORT,4375.84,4265.439967626641,14.681301507822711,TP1_10%,2025-10-10 15:00:00
ETH/USDT,SHORT,4375.84,4132.95992877861,66.9817895734922,TP2_20%,2025-10-10 15:30:00
AVAX/USDT,SHORT,28.505,27.081568976915726,100.34738789287115,TP2_20%,2025-10-10 15:30:00
ETH/USDT,SHORT,4375.84,3934.2398705065643,431.93699293591817,TP3_FULL,2025-10-10 20:45:00
AVAX/USDT,SHORT,28.505,25.916943594392233,646.7423642351434,TP3_FULL,2025-10-10 20:45:00
BNB/USDT,LONG,1290.88,1273.9847125172394,-152.81531743515495,STOP_LOSS,2025-10-13 14:15:00
XRP/USDT,SHORT,2.3708,2.279070397302367,16.470068828930383,TP1_10%,2025-10-17 06:45:00
XRP/USDT,SHORT,2.3708,2.361627039730237,8.626677229760608,BE_STOP,2025-10-18 07:00:00
SOL/USDT,SHORT,185.02,188.1361503736519,-74.52478408444995,STOP_LOSS,2025-10-18 07:00:00
ETH/USDT,SHORT,3855.57,3979.2457270578598,-72.48484577430943,STOP_LOSS,2025-10-19 13:45:00
AVAX/USDT,SHORT,20.766,18.701661887857256,16.646034104386892,TP1_10%,2025-10-22 21:00:00
SOL/USDT,SHORT,193.46,197.23468366507177,-111.11668771574,STOP_LOSS,2025-10-26 11:30:00
AVAX/USDT,SHORT,20.766,20.559566188785723,10.951821129652258,BE_STOP,2025-10-26 13:30:00
ETH/USDT,LONG,4148.53,4111.016347565104,-116.46845518506133,STOP_LOSS,2025-10-27 21:15:00
SOL/USDT,SHORT,203.29,198.04175724964443,23.671642080848144,TP1_10%,2025-10-28 14:45:00
SOL/USDT,SHORT,203.29,191.74386594921776,107.21655534492356,TP2_20%,2025-10-28 21:00:00
SOL/USDT,SHORT,203.29,198.04175724964443,163.66706627565134,BE_STOP,2025-10-29 11:15:00
ETH/USDT,SHORT,3907.14,3866.049803460286,12.439232398333512,TP1_10%,2025-11-03 00:45:00
AVAX/USDT,SHORT,18.864,18.39657095457933,24.136319849586112,TP1_10%,2025-11-03 01:15:00
ETH/USDT,SHORT,3907.14,3816.74156761263,59.313460441447276,TP2_20%,2025-11-03 02:15:00
ETH/USDT,SHORT,3907.14,3742.7792138411455,388.38083868016395,TP3_FULL,2025-11-03 03:00:00
AVAX/USDT,SHORT,18.864,17.835656100074523,109.66609249340226,TP2_20%,2025-11-03 03:00:00
AVAX/USDT,SHORT,18.864,16.994283818317317,705.4248081559412,TP3_FULL,2025-11-03 15:15:00
XRP/USDT,SHORT,2.3541,2.2344638917782254,54.49458859034384,TP1_10%,2025-11-04 07:15:00
ETH/USDT,SHORT,3627.77,3461.710597665411,36.21636076757377,TP1_10%,2025-11-04 08:15:00
ETH/USDT,SHORT,3627.77,3262.4393148639037,161.76605505900335,TP2_20%,2025-11-04 18:30:00
XRP/USDT,SHORT,2.3541,2.090900561912096,243.0377624490377,TP2_20%,2025-11-04 21:30:00
XRP/USDT,SHORT,2.3541,2.2344638917782254,379.91948441884784,BE_STOP,2025-11-05 03:00:00
AVAX/USDT,SHORT,16.557,16.940548862551935,-168.4291979146259,STOP_LOSS,2025-11-05 17:15:00
ETH/USDT,SHORT,3627.77,3461.710597665411,250.6600534521128,BE_STOP,2025-11-05 18:30:00
XRP/USDT,SHORT,2.2417,2.3255031249621334,-164.95889449901483,STOP_LOSS,2025-11-05 20:00:00
SOL/USDT,SHORT,162.98,157.29459212309342,56.89784953120057,TP1_10%,2025-11-06 12:30:00
BNB/USDT,SHORT,936.39,971.5337149326864,-162.61284158642752,STOP_LOSS,2025-11-07 03:00:00
SOL/USDT,SHORT,162.98,150.4721026708055,255.88513184552056,TP2_20%,2025-11-07 14:30:00
SOL/USDT,SHORT,162.98,157.29459212309342,394.6977099260281,BE_STOP,2025-11-07 16:15:00
SOL/USDT,SHORT,163.98,160.90565184930108,37.667014177019226,TP1_10%,2025-11-08 06:00:00
SOL/USDT,SHORT,163.98,157.21643406846243,172.59073352806277,TP2_20%,2025-11-08 14:00:00
SOL/USDT,SHORT,163.98,160.90565184930108,257.59427670188694,BE_STOP,2025-11-09 14:15:00
ETH/USDT,SHORT,3460.24,3573.586323374579,-257.44301689762176,STOP_LOSS,2025-11-09 19:45:00
BTC/USDT,SHORT,102779.9,104854.77033247228,-267.829346733412,STOP_LOSS,2025-11-09 20:00:00
XRP/USDT,LONG,2.3666,2.4767256858419753,39.28457143001117,TP1_10%,2025-11-10 07:00:00
ETH/USDT,SHORT,3578.42,3416.3602817555206,58.969972809440016,TP1_10%,2025-11-11 21:30:00
XRP/USDT,LONG,2.3666,2.3776125685841976,20.77488890388687,BE_STOP,2025-11-12 07:45:00
ETH/USDT,SHORT,3578.42,3562.214028175552,35.51108050486425,BE_STOP,2025-11-12 11:00:00
BTC/USDT,SHORT,104715.0,105029.14499999999,-143.7901064067567,STOP_LOSS,2025-11-12 11:00:00
BNB/USDT,SHORT,973.5,942.1944795577076,38.82190244415821,TP1_10%,2025-11-12 16:00:00
ETH/USDT,SHORT,3575.41,3404.1849715348208,59.10294510653355,TP1_10%,2025-11-12 16:00:00
BNB/USDT,SHORT,973.5,970.3694479557707,18.366732343461567,BE_STOP,2025-11-13 05:45:00
ETH/USDT,SHORT,3575.41,3558.287497153482,36.49961047252601,BE_STOP,2025-11-13 07:30:00
BNB/USDT,SHORT,968.5,937.3942190534328,38.97076160665045,TP1_10%,2025-11-13 17:30:00
ETH/USDT,SHORT,3541.47,3277.4999702944324,60.219001940420746,TP1_10%,2025-11-13 17:30:00
AVAX/USDT,SHORT,17.434,16.44033764285983,59.63816828578199,TP1_10%,2025-11-13 17:45:00
BNB/USDT,SHORT,968.5,900.0672819175522,175.79578794168006,TP2_20%,2025-11-14 04:30:00
AVAX/USDT,SHORT,17.434,15.247942814291626,265.6295611778724,TP2_20%,2025-11-14 12:00:00
BNB/USDT,SHORT,968.5,937.3942190534328,268.34370505435805,BE_STOP,2025-11-15 07:15:00
XRP/USDT,SHORT,2.2664,2.212715435520346,40.594800999898304,TP1_10%,2025-11-17 15:15:00
XRP/USDT,SHORT,2.2664,2.1482939581447624,184.73262635231004,TP2_20%,2025-11-17 18:00:00
SOL/USDT,SHORT,140.96,130.012032268351,63.54868864974398,TP1_10%,2025-11-17 19:00:00
ETH/USDT,SHORT,3541.47,2960.7359346477515,265.95230415008086,TP2_20%,2025-11-17 20:00:00
SOL/USDT,SHORT,140.96,139.8652032268351,45.50349831983739,BE_STOP,2025-11-18 15:15:00
XRP/USDT,SHORT,2.2664,2.212715435520346,280.34141827881405,BE_STOP,2025-11-18 15:15:00
SOL/USDT,SHORT,140.55,134.13382365552252,43.6586659772065,TP1_10%,2025-11-19 16:15:00
SOL/USDT,SHORT,140.55,139.90838236555226,24.73079339084277,BE_STOP,2025-11-20 02:00:00
BTC/USDT,SHORT,91196.9,93057.77960044408,-292.0635964877674,STOP_LOSS,2025-11-20 05:00:00
BNB/USDT,SHORT,911.3,868.2599882247155,43.619128708513706,TP1_10%,2025-11-20 23:45:00
AVAX/USDT,SHORT,17.434,13.45935057143932,1686.4063650334451,TP3_FULL,2025-11-21 07:30:00
BNB/USDT,SHORT,911.3,816.6119740943741,195.8771292152545,TP2_20%,2025-11-21 07:30:00
SOL/USDT,SHORT,129.72,133.91872259739122,-211.2831598369336,STOP_LOSS,2025-11-24 02:15:00
BNB/USDT,SHORT,911.3,868.2599882247155,297.94608195158264,BE_STOP,2025-11-24 18:00:00
XRP/USDT,SHORT,2.202,2.2499762451228396,-212.08256745921778,STOP_LOSS,2025-11-28 15:15:00
BNB/USDT,SHORT,889.7,845.0602069122525,47.22933548747885,TP1_10%,2025-12-01 00:30:00
BTC/USDT,SHORT,86600.0,87862.79114721729,-330.9919203188446,STOP_LOSS,2025-12-02 13:45:00
BNB/USDT,SHORT,889.7,885.2360206912253,21.389754663554108,BE_STOP,2025-12-02 18:30:00
XRP/USDT,SHORT,2.0326,2.046170660480932,-235.30245722069918,STOP_LOSS,2025-12-06 14:15:00
BNB/USDT,SHORT,912.21,897.3724547147617,43.913372364907325,TP1_10%,2025-12-08 15:30:00
ETH/USDT,SHORT,3541.47,3277.4999702944324,376.54736322649984,BE_STOP,2025-12-09 16:00:00
BNB/USDT,SHORT,912.21,910.7262454714762,-1.9210496916597375,BE_STOP,2025-12-09 16:00:00
BTC/USDT,LONG,89328.0,93971.16823291883,46.22364898558275,TP1_10%,2025-12-09 16:30:00
ETH/USDT,LONG,3332.0,3286.2239122113406,-324.90499525435115,STOP_LOSS,2025-12-11 00:30:00
BTC/USDT,LONG,89328.0,89792.31682329188,24.06044553383938,BE_STOP,2025-12-11 03:00:00
SOL/USDT,SHORT,134.37,138.28334386872618,-305.6994831202301,STOP_LOSS,2025-12-12 05:45:00
BTC/USDT,SHORT,93140.8,89981.3729823633,69.25794575271962,TP1_10%,2025-12-12 15:45:00
BNB/USDT,SHORT,888.84,901.9708479138131,-212.70152408021045,STOP_LOSS,2025-12-13 16:00:00
XRP/USDT,SHORT,2.0325,1.963136835682969,45.34163745750154,TP1_10%,2025-12-14 23:30:00
SOL/USDT,SHORT,132.67,133.73293508589248,-225.28971521600047,STOP_LOSS,2025-12-15 14:00:00
BTC/USDT,SHORT,93140.8,86190.06056119927,309.1030992362162,TP2_20%,2025-12-15 16:30:00
AVAX/USDT,SHORT,13.095,12.371160225381686,45.695555609421454,TP1_10%,2025-12-15 16:30:00
BNB/USDT,SHORT,885.89,844.9177013038823,45.463982815404144,TP1_10%,2025-12-15 17:30:00
XRP/USDT,SHORT,2.0325,1.8799010385025317,204.99730792071693,TP2_20%,2025-12-15 18:30:00
XRP/USDT,SHORT,2.0325,1.963136835682969,309.54274347721054,BE_STOP,2025-12-17 14:45:00
BTC/USDT,SHORT,93140.8,89981.3729823633,462.32255742363435,BE_STOP,2025-12-17 15:00:00
SOL/USDT,SHORT,133.39,132.21311691329518,29.889827927963765,TP1_10%,2025-12-17 15:15:00
SOL/USDT,SHORT,133.39,133.2723116913295,-18.724190936907043,BE_STOP,2025-12-17 15:15:00
SOL/USDT,SHORT,131.6,125.80985856234558,48.75412111951392,TP1_10%,2025-12-17 16:15:00
AVAX/USDT,SHORT,13.095,11.502552495839712,202.38262619602045,TP2_20%,2025-12-18 17:15:00
SOL/USDT,SHORT,131.6,118.86168883716029,217.67471409614035,TP2_20%,2025-12-18 19:30:00
SOL/USDT,SHORT,131.6,125.80985856234558,337.275936932258,BE_STOP,2025-12-19 12:15:00
AVAX/USDT,SHORT,13.095,12.371160225381686,312.7494503413617,BE_STOP,2025-12-19 15:15:00
ETH/USDT,SHORT,2934.56,3004.974935077697,-216.20385334078594,STOP_LOSS,2025-12-19 15:15:00
ETH/USDT,SHORT,2965.1,3005.984680421569,-231.80682596179147,STOP_LOSS,2025-12-19 16:30:00
BTC/USDT,SHORT,86990.7,89776.03050291486,-217.66291879767934,STOP_LOSS,2025-12-22 08:15:00
AVAX/USDT,SHORT,12.299,12.511677590439485,-342.8721246011667,STOP_LOSS,2025-12-23 00:30:00
AVAX/USDT,SHORT,12.228,12.501830090408317,-220.5998383833438,STOP_LOSS,2025-12-25 18:30:00
SOL/USDT,SHORT,125.72,129.3216254470668,-360.2678415179508,STOP_LOSS,2025-12-29 01:30:00
AVAX/USDT,SHORT,12.499,12.671474122342476,-439.00984482066787,STOP_LOSS,2025-12-31 01:30:00
ETH/USDT,LONG,3034.0,3092.9825353216793,66.8286687512039,TP1_10%,2026-01-02 14:45:00
BNB/USDT,SHORT,885.89,881.7927701303882,-19.7993212733062,BE_STOP,2026-01-02 15:45:00
XRP/USDT,SHORT,1.9025,1.9729804347305488,-239.57416595111516,STOP_LOSS,2026-01-02 17:00:00
ETH/USDT,LONG,3034.0,3163.7615777076944,303.53647578196774,TP2_20%,2026-01-04 00:45:00
SOL/USDT,LONG,135.39,133.24405192282538,-210.23217385860482,STOP_LOSS,2026-01-05 13:30:00
ETH/USDT,LONG,3034.0,3269.930141286717,1951.6481281992371,TP3_FULL,2026-01-06 14:00:00
AVAX/USDT,LONG,14.469,14.176967222655572,-340.8967730034706,STOP_LOSS,2026-01-07 14:15:00
XRP/USDT,LONG,2.2392,2.2164969653734072,-359.4840049154325,STOP_LOSS,2026-01-07 14:15:00
BNB/USDT,LONG,912.08,891.1447912343148,-337.87318543885914,STOP_LOSS,2026-01-08 06:00:00
BNB/USDT,LONG,909.14,904.8109205559318,-246.73730855013622,STOP_LOSS,2026-01-11 19:30:00
AVAX/USDT,LONG,13.707,13.55537064612971,-234.59293285626464,STOP_LOSS,2026-01-11 23:00:00
BNB/USDT,LONG,902.65,899.0618480893781,-212.59300424431072,STOP_LOSS,2026-01-11 23:00:00
BNB/USDT,LONG,903.47,898.9170607074667,-246.97632238771678,STOP_LOSS,2026-01-12 00:45:00
BNB/USDT,LONG,902.34,898.6943861289584,-211.43474486985352,STOP_LOSS,2026-01-12 11:00:00
ETH/USDT,LONG,3118.94,3303.870530587411,45.81429969538979,TP1_10%,2026-01-13 22:00:00
AVAX/USDT,LONG,14.542,14.35479415825073,-209.71050522656657,STOP_LOSS,2026-01-15 02:30:00
BNB/USDT,LONG,937.33,930.795783285977,-227.13732826344486,STOP_LOSS,2026-01-15 03:15:00
BNB/USDT,LONG,930.64,937.6197999999999,22.53743956816309,TP1_10%,2026-01-15 05:30:00
BNB/USDT,LONG,930.64,945.9955600000001,110.84992365410847,TP2_20%,2026-01-15 14:00:00
BNB/USDT,LONG,930.64,937.6197999999999,155.17358562020095,BE_STOP,2026-01-15 14:30:00
AVAX/USDT,SHORT,13.624,13.823779004213185,-208.39821694050863,STOP_LOSS,2026-01-17 14:30:00
ETH/USDT,LONG,3118.94,3137.4330530587413,16.65846785759605,BE_STOP,2026-01-20 06:15:00
ETH/USDT,SHORT,2975.0,3012.9433063132624,-311.7743126955554,STOP_LOSS,2026-01-21 15:15:00
BNB/USDT,SHORT,892.78,873.8667602152024,64.04774052094473,TP1_10%,2026-01-21 16:30:00
BTC/USDT,SHORT,89893.7,87398.6802233792,43.98648352458159,TP1_10%,2026-01-21 17:00:00
BTC/USDT,SHORT,89893.7,89644.19802233792,19.247479678211434,BE_STOP,2026-01-21 19:15:00
BNB/USDT,SHORT,892.78,890.8886760215203,20.960130473420246,BE_STOP,2026-01-21 21:15:00
AVAX/USDT,SHORT,12.613,12.114457742687954,66.33627069950796,TP1_10%,2026-01-22 15:15:00
BTC/USDT,SHORT,89732.9,90940.52562965307,-206.99900240593843,STOP_LOSS,2026-01-23 17:15:00
AVAX/USDT,SHORT,12.613,11.516207033913496,295.44514262720304,TP2_20%,2026-01-25 18:00:00
XRP/USDT,SHORT,1.893,1.8788025000000006,22.683806194466996,TP1_10%,2026-01-26 09:30:00
XRP/USDT,SHORT,1.893,1.89158025,-21.717879735207582,BE_STOP,2026-01-26 11:00:00
BTC/USDT,SHORT,88673.4,87606.8535407361,39.52051490510071,TP1_10%,2026-01-26 15:30:00
BTC/USDT,SHORT,88673.4,88566.7453540736,-9.911119603467764,BE_STOP,2026-01-26 23:30:00
AVAX/USDT,SHORT,12.613,12.114457742687954,446.00179133363633,BE_STOP,2026-01-27 20:45:00
SOL/USDT,SHORT,116.45,118.19322200082522,-312.7375568571991,STOP_LOSS,2026-01-30 18:45:00
BTC/USDT,SHORT,84100.5,81841.10583548617,66.14288917825051,TP1_10%,2026-01-31 14:15:00
BTC/USDT,SHORT,84100.5,79129.83283806956,301.074059504005,TP2_20%,2026-01-31 17:00:00
BTC/USDT,SHORT,84100.5,75062.92334194467,1930.7417689449292,TP3_FULL,2026-02-02 03:15:00
ETH/USDT,SHORT,2295.51,2333.050690040847,-342.8234484864733,STOP_LOSS,2026-02-03 21:00:00
XRP/USDT,SHORT,1.6131,1.5694432982383155,49.91369664229702,TP1_10%,2026-02-03 23:45:00
XRP/USDT,SHORT,1.6131,1.6087343298238315,21.134278381699083,BE_STOP,2026-02-04 08:45:00
BTC/USDT,SHORT,76646.7,72207.0722676196,50.55864003157877,TP1_10%,2026-02-04 17:30:00
BNB/USDT,SHORT,762.03,714.9023779135168,50.64380723217781,TP1_10%,2026-02-04 18:00:00
ETH/USDT,SHORT,2234.14,2015.1698292129197,51.05411466834508,TP1_10%,2026-02-05 15:00:00
SOL/USDT,SHORT,92.76,86.6766324622011,51.09409986448697,TP1_10%,2026-02-05 15:00:00
BTC/USDT,SHORT,76646.7,66879.51898876313,225.14426588025268,TP2_20%,2026-02-05 15:15:00
BNB/USDT,SHORT,762.03,658.3492314097371,225.3486671616904,TP2_20%,2026-02-05 15:15:00
SOL/USDT,SHORT,92.76,79.37659141684239,227.32786667086123,TP2_20%,2026-02-05 20:15:00
ETH/USDT,SHORT,2234.14,1752.4056242684235,226.6934156639732,TP2_20%,2026-02-06 00:00:00
BNB/USDT,SHORT,762.03,573.5195116540674,1442.0955259213456,TP3_FULL,2026-02-06 00:15:00
SOL/USDT,SHORT,92.76,68.42652984880435,1453.4660754987672,TP3_FULL,2026-02-06 00:15:00
XRP/USDT,SHORT,1.3773,1.395921411607392,-273.5305834699875,STOP_LOSS,2026-02-06 13:00:00
ETH/USDT,SHORT,2234.14,2015.1698292129197,356.266392018922,BE_STOP,2026-02-06 16:15:00
BTC/USDT,SHORT,76646.7,72207.0722676196,345.76218933908945,BE_STOP,2026-02-08 23:00:00
SOL/USDT,SHORT,86.04,87.7810273919372,-404.40502725962085,STOP_LOSS,2026-02-09 17:30:00
AVAX/USDT,SHORT,9.062,9.17804270112489,-279.718827765374,STOP_LOSS,2026-02-09 17:30:00
BNB/USDT,SHORT,658.96,615.8599318539062,89.84591152779628,TP1_10%,2026-02-10 14:30:00
XRP/USDT,SHORT,1.4507,1.3899172321946964,90.5036588065308,TP1_10%,2026-02-11 04:30:00
SOL/USDT,SHORT,82.82,79.77633092418961,59.42996431395691,TP1_10%,2026-02-11 14:45:00
BTC/USDT,SHORT,68421.1,65900.96879408124,59.43521632273248,TP1_10%,2026-02-11 15:00:00
BTC/USDT,SHORT,68421.1,68169.08687940813,34.48365956815684,BE_STOP,2026-02-11 21:15:00
AVAX/USDT,SHORT,8.749,8.994396960204398,-265.49460852386085,STOP_LOSS,2026-02-13 14:30:00
SOL/USDT,SHORT,82.82,82.51563309241895,25.36468844470548,BE_STOP,2026-02-13 15:00:00
ETH/USDT,SHORT,2056.1,2075.5361867172583,-282.70511242728685,STOP_LOSS,2026-02-14 08:00:00
XRP/USDT,SHORT,1.4507,1.4446217232194698,28.271902071985007,BE_STOP,2026-02-14 08:45:00
ETH/USDT,LONG,2071.4,2046.2492551911178,-275.1451057214497,STOP_LOSS,2026-02-15 02:30:00
ETH/USDT,SHORT,2089.27,2064.273832627764,50.91499786809547,TP1_10%,2026-02-15 08:30:00
ETH/USDT,SHORT,2089.27,2034.2784317810804,240.20715167043846,TP2_20%,2026-02-15 12:45:00
ETH/USDT,SHORT,2089.27,1989.2853305110552,1563.834024282408,TP3_FULL,2026-02-15 17:30:00
BTC/USDT,SHORT,69631.2,67126.27713919549,123.63337179879288,TP1_10%,2026-02-17 14:30:00
XRP/USDT,SHORT,1.4826,1.445280282468943,61.56666800017207,TP1_10%,2026-02-18 18:15:00
XRP/USDT,SHORT,1.4826,1.4004966214316747,278.5537739597947,TP2_20%,2026-02-19 13:15:00
XRP/USDT,SHORT,1.4826,1.445280282468943,416.4739615922145,BE_STOP,2026-02-21 09:30:00
BTC/USDT,SHORT,69631.2,64120.36970623008,545.7170161961712,TP2_20%,2026-02-23 17:45:00
ETH/USDT,SHORT,1909.26,1941.619038931264,-444.5878390872983,STOP_LOSS,2026-02-25 02:00:00
AVAX/USDT,SHORT,8.654,8.804698337191535,-585.0545884589865,STOP_LOSS,2026-02-25 10:45:00
BTC/USDT,SHORT,69631.2,67126.27713919549,804.8772927396581,BE_STOP,2026-02-25 15:00:00
ETH/USDT,SHORT,2031.59,1908.0607841501906,99.15076205695692,TP1_10%,2026-03-01 20:30:00
ETH/USDT,SHORT,2031.59,2019.237078415019,64.5345032142508,BE_STOP,2026-03-02 15:00:00
BNB/USDT,SHORT,658.96,654.6499931853907,-30.199269626910663,BE_STOP,2026-03-04 09:45:00
BTC/USDT,LONG,71967.6,71556.69642408134,-339.3600703126313,STOP_LOSS,2026-03-05 15:15:00
SOL/USDT,SHORT,89.05,82.34788049709559,65.67097272997593,TP1_10%,2026-03-07 19:45:00
ETH/USDT,SHORT,1963.78,1913.1716664518303,63.86858847336379,TP1_10%,2026-03-08 22:00:00
ETH/USDT,SHORT,1963.78,1958.7191666451831,27.785052485237223,BE_STOP,2026-03-09 00:30:00
BTC/USDT,SHORT,67186.9,68379.31169610634,-438.6352538144344,STOP_LOSS,2026-03-09 09:30:00
XRP/USDT,SHORT,1.3553,1.3731101691815095,-454.51085333837625,STOP_LOSS,2026-03-09 19:15:00
XRP/USDT,LONG,1.3879,1.4229489237179758,61.80770559750722,TP1_10%,2026-03-10 14:45:00
SOL/USDT,SHORT,89.05,88.37978804970956,38.0917017320353,BE_STOP,2026-03-10 15:00:00
XRP/USDT,LONG,1.3879,1.3914048923717974,26.221277311938884,BE_STOP,2026-03-10 18:15:00
XRP/USDT,LONG,1.3845,1.3723091154204186,-461.77308674991485,STOP_LOSS,2026-03-11 08:15:00
